standard_id,designation,title,publisher,record_type,country_scope,primary_category,latest_known_edition,status,mandatory_status,summary,official_url,date_verified,verification_status,notes
AESO-RULES-STANDARDS-TARIFF,AESO Rules Standards and Tariff,Rules Standards and Tariff,AESO,collection,Canada - Alberta,AESO authoritative documents,current,Active,Binding and guidance mix depending on document type,"AESO portal for ISO Rules Alberta Reliability Standards ISO tariff compliance monitoring glossary and information documents.",https://www.aeso.ca/rules-standards-and-tariff/,2026-08-23,verified,"Use child records for authoritative document types."
AESO-ISO-RULES,AESO ISO Rules,ISO Rules,AESO,rules_family,Canada - Alberta,AESO market and system rules,2026-07-10,Active,Binding ISO rules in Alberta,"Rules for safe reliable and economic operation of the Alberta Interconnected Electric System and Alberta wholesale market.",https://www.aeso.ca/rules-standards-and-tariff/iso-rules/,2026-08-23,verified,"Current complete set verified as July 10 2026."
AESO-REM-ISO-RULES,AESO REM ISO Rules,Restructured Energy Market ISO Rules,AESO,rules_family,Canada - Alberta,AESO restructured energy market rules,2026,Active,Minister approved REM ISO rules,"Rules approved for implementation and operation of Alberta's Restructured Energy Market.",https://www.aeso.ca/rules-standards-and-tariff/rem-iso-rules/,2026-08-23,verified,"Only currently effective REM ISO rules should be treated as effective."
AESO-ARS,AESO ARS,Alberta Reliability Standards,AESO,standard_family,Canada - Alberta,Alberta reliability standards,2026-04-01,Active,Binding reliability requirements in Alberta when applicable,"Requirements followed by AESO and Alberta market participants for reliable operation of the Alberta interconnected electric system.",https://www.aeso.ca/rules-standards-and-tariff/alberta-reliability-standards/,2026-08-23,verified,"Individual current ARS records are listed separately in this file."
AESO-ISO-TARIFF,AESO ISO Tariff,Independent System Operator Tariff,AESO,tariff,Canada - Alberta,AESO tariff,2026-01-01,Active,AUC approved tariff terms and rates,"Rates terms and conditions for persons who receive system access service from Alberta's transmission system.",https://www.aeso.ca/rules-standards-and-tariff/tariff/,2026-08-23,verified,"Tariff components include rates riders terms conditions and appendices."
AESO-CADG,AESO CADG,Consolidated Authoritative Document Glossary,AESO,glossary,Canada - Alberta,AESO authoritative document glossary,2026-03-12,Active,Definitions used in AESO authoritative documents,"Glossary of defined terms used within ISO Rules Alberta Reliability Standards and the ISO tariff.",https://www.aeso.ca/rules-standards-and-tariff/consolidated-authoritative-document-glossary/,2026-08-23,verified,"Future effective definitions should be tracked separately later."
AESO-INFORMATION-DOCUMENTS,AESO Information Documents,Information Documents,AESO,guidance_collection,Canada - Alberta,AESO guidance documents,current,Active,Not authoritative guidance,"Guidance documents related to AESO authoritative documents. AESO states these do not contain binding requirements.",https://www.aeso.ca/rules-standards-and-tariff/information-documents/,2026-08-23,verified,"Do not classify individual information documents as authoritative standards."
AESO-ARS-BAL-001,BAL-001,Real Power Balancing Control Performance,AESO,standard,Canada - Alberta,Alberta reliability standard - Resource and Demand Balancing,current,Active,Binding reliability requirement in Alberta when applicable,"Alberta Reliability Standard in the BAL family for AIES reliability obligations.",https://www.aeso.ca/rules-standards-and-tariff/alberta-reliability-standards/,2026-08-23,verified,"Current status verified from AESO Individual Alberta Reliability Standards page."
AESO-ARS-BAL-002,BAL-002,Disturbance Control Performance,AESO,standard,Canada - Alberta,Alberta reliability standard - Resource and Demand Balancing,current,Active,Binding reliability requirement in Alberta when applicable,"Alberta Reliability Standard in the BAL family for AIES reliability obligations.",https://www.aeso.ca/rules-standards-and-tariff/alberta-reliability-standards/,2026-08-23,verified,"Current status verified from AESO Individual Alberta Reliability Standards page."
AESO-ARS-BAL-002-WECC,BAL-002-WECC,Contingency Reserves,AESO,standard,Canada - Alberta,Alberta reliability standard - Resource and Demand Balancing,current,Active,Binding reliability requirement in Alberta when applicable,"Alberta Reliability Standard in the BAL family for WECC related contingency reserve obligations.",https://www.aeso.ca/rules-standards-and-tariff/alberta-reliability-standards/,2026-08-23,verified,"Current status verified from AESO Individual Alberta Reliability Standards page."
AESO-ARS-BAL-003,BAL-003,Frequency Response and Bias,AESO,standard,Canada - Alberta,Alberta reliability standard - Resource and Demand Balancing,current,Active,Binding reliability requirement in Alberta when applicable,"Alberta Reliability Standard in the BAL family for AIES reliability obligations.",https://www.aeso.ca/rules-standards-and-tariff/alberta-reliability-standards/,2026-08-23,verified,"Current status verified from AESO Individual Alberta Reliability Standards page."
AESO-ARS-BAL-004-WECC,BAL-004-WECC,Automatic Time Error Correction,AESO,standard,Canada - Alberta,Alberta reliability standard - Resource and Demand Balancing,current,Active,Binding reliability requirement in Alberta when applicable,"Alberta Reliability Standard in the BAL family for WECC related automatic time error correction obligations.",https://www.aeso.ca/rules-standards-and-tariff/alberta-reliability-standards/,2026-08-23,verified,"Current status verified from AESO Individual Alberta Reliability Standards page."
AESO-ARS-BAL-005,BAL-005,Balancing Authority Control,AESO,standard,Canada - Alberta,Alberta reliability standard - Resource and Demand Balancing,current,Active,Binding reliability requirement in Alberta when applicable,"Alberta Reliability Standard in the BAL family for AIES reliability obligations.",https://www.aeso.ca/rules-standards-and-tariff/alberta-reliability-standards/,2026-08-23,verified,"Current status verified from AESO Individual Alberta Reliability Standards page."
AESO-ARS-CIP-SUPP-001,CIP-SUPP-001,Cyber Security - Supplemental CIP Alberta Reliability Standard,AESO,standard,Canada - Alberta,Alberta reliability standard - Critical Infrastructure Protection,current,Active,Binding reliability requirement in Alberta when applicable,"Supplemental Alberta Reliability Standard for cyber security requirements.",https://www.aeso.ca/rules-standards-and-tariff/alberta-reliability-standards/,2026-08-23,verified,"Current status verified from AESO Individual Alberta Reliability Standards page."
AESO-ARS-CIP-SUPP-002,CIP-SUPP-002,Cyber Security - Supplemental CIP Alberta Reliability Standard Technical Feasibility Exceptions,AESO,standard,Canada - Alberta,Alberta reliability standard - Critical Infrastructure Protection,current,Active,Binding reliability requirement in Alberta when applicable,"Supplemental Alberta Reliability Standard for CIP technical feasibility exception requirements.",https://www.aeso.ca/rules-standards-and-tariff/alberta-reliability-standards/,2026-08-23,verified,"Current status verified from AESO Individual Alberta Reliability Standards page."
AESO-ARS-CIP-002,CIP-002,Cyber Security - BES Cyber System Categorization,AESO,standard,Canada - Alberta,Alberta reliability standard - Critical Infrastructure Protection,current,Active,Binding reliability requirement in Alberta when applicable,"Alberta Reliability Standard in the CIP family for BES cyber system categorization.",https://www.aeso.ca/rules-standards-and-tariff/alberta-reliability-standards/,2026-08-23,verified,"Current status verified from AESO Individual Alberta Reliability Standards page."
AESO-ARS-CIP-003,CIP-003,Cyber Security - Security Management Controls,AESO,standard,Canada - Alberta,Alberta reliability standard - Critical Infrastructure Protection,current,Active,Binding reliability requirement in Alberta when applicable,"Alberta Reliability Standard in the CIP family for security management controls.",https://www.aeso.ca/rules-standards-and-tariff/alberta-reliability-standards/,2026-08-23,verified,"Current status verified from AESO Individual Alberta Reliability Standards page."
AESO-ARS-CIP-004,CIP-004,Cyber Security - Personnel and Training,AESO,standard,Canada - Alberta,Alberta reliability standard - Critical Infrastructure Protection,current,Active,Binding reliability requirement in Alberta when applicable,"Alberta Reliability Standard in the CIP family for personnel and training.",https://www.aeso.ca/rules-standards-and-tariff/alberta-reliability-standards/,2026-08-23,verified,"Current status verified from AESO Individual Alberta Reliability Standards page."
AESO-ARS-CIP-005,CIP-005,Cyber Security - Electronic Security Perimeters,AESO,standard,Canada - Alberta,Alberta reliability standard - Critical Infrastructure Protection,current,Active,Binding reliability requirement in Alberta when applicable,"Alberta Reliability Standard in the CIP family for electronic security perimeter obligations.",https://www.aeso.ca/rules-standards-and-tariff/alberta-reliability-standards/,2026-08-23,verified,"Current status verified from AESO Individual Alberta Reliability Standards page."
AESO-ARS-CIP-006,CIP-006,Cyber Security - Physical Security of BES Cyber Systems,AESO,standard,Canada - Alberta,Alberta reliability standard - Critical Infrastructure Protection,current,Active,Binding reliability requirement in Alberta when applicable,"Alberta Reliability Standard in the CIP family for physical security of BES cyber systems.",https://www.aeso.ca/rules-standards-and-tariff/alberta-reliability-standards/,2026-08-23,verified,"Current status verified from AESO Individual Alberta Reliability Standards page."
AESO-ARS-CIP-007,CIP-007,Cyber Security - System Security Management,AESO,standard,Canada - Alberta,Alberta reliability standard - Critical Infrastructure Protection,current,Active,Binding reliability requirement in Alberta when applicable,"Alberta Reliability Standard in the CIP family for system security management.",https://www.aeso.ca/rules-standards-and-tariff/alberta-reliability-standards/,2026-08-23,verified,"Current status verified from AESO Individual Alberta Reliability Standards page."
AESO-ARS-CIP-008,CIP-008,Cyber Security - Incident Reporting and Response Planning,AESO,standard,Canada - Alberta,Alberta reliability standard - Critical Infrastructure Protection,current,Active,Binding reliability requirement in Alberta when applicable,"Alberta Reliability Standard in the CIP family for incident reporting and response planning.",https://www.aeso.ca/rules-standards-and-tariff/alberta-reliability-standards/,2026-08-23,verified,"Current status verified from AESO Individual Alberta Reliability Standards page."
AESO-ARS-CIP-009,CIP-009,Cyber Security - Recovery Plans for BES Cyber Systems,AESO,standard,Canada - Alberta,Alberta reliability standard - Critical Infrastructure Protection,current,Active,Binding reliability requirement in Alberta when applicable,"Alberta Reliability Standard in the CIP family for recovery plans for BES cyber systems.",https://www.aeso.ca/rules-standards-and-tariff/alberta-reliability-standards/,2026-08-23,verified,"Current status verified from AESO Individual Alberta Reliability Standards page."
AESO-ARS-CIP-010,CIP-010,Cyber Security - Configuration Change Management and Vulnerability Assessments,AESO,standard,Canada - Alberta,Alberta reliability standard - Critical Infrastructure Protection,current,Active,Binding reliability requirement in Alberta when applicable,"Alberta Reliability Standard in the CIP family for configuration change management and vulnerability assessments.",https://www.aeso.ca/rules-standards-and-tariff/alberta-reliability-standards/,2026-08-23,verified,"Current status verified from AESO Individual Alberta Reliability Standards page."
AESO-ARS-CIP-011,CIP-011,Cyber Security - Information Protection,AESO,standard,Canada - Alberta,Alberta reliability standard - Critical Infrastructure Protection,current,Active,Binding reliability requirement in Alberta when applicable,"Alberta Reliability Standard in the CIP family for information protection.",https://www.aeso.ca/rules-standards-and-tariff/alberta-reliability-standards/,2026-08-23,verified,"Current status verified from AESO Individual Alberta Reliability Standards page."
AESO-ARS-CIP-012,CIP-012,Cyber Security - Communications between Control Centres,AESO,standard,Canada - Alberta,Alberta reliability standard - Critical Infrastructure Protection,current,Active,Binding reliability requirement in Alberta when applicable,"Alberta Reliability Standard in the CIP family for control centre communications.",https://www.aeso.ca/rules-standards-and-tariff/alberta-reliability-standards/,2026-08-23,verified,"Current status verified from AESO Individual Alberta Reliability Standards page."
AESO-ARS-CIP-013,CIP-013,Cyber Security - Supply Chain Risk Management,AESO,standard,Canada - Alberta,Alberta reliability standard - Critical Infrastructure Protection,current,Active,Binding reliability requirement in Alberta when applicable,"Alberta Reliability Standard in the CIP family for supply chain risk management.",https://www.aeso.ca/rules-standards-and-tariff/alberta-reliability-standards/,2026-08-23,verified,"Current status verified from AESO Individual Alberta Reliability Standards page."
AESO-ARS-CIP-014,CIP-014,Physical Security,AESO,standard,Canada - Alberta,Alberta reliability standard - Critical Infrastructure Protection,current,Active,Binding reliability requirement in Alberta when applicable,"Alberta Reliability Standard in the CIP family for physical security.",https://www.aeso.ca/rules-standards-and-tariff/alberta-reliability-standards/,2026-08-23,verified,"Current status verified from AESO Individual Alberta Reliability Standards page."
AESO-ARS-CIP-PLAN,CIP-PLAN,Cyber Security - Implementation Plan for CIP,AESO,standard,Canada - Alberta,Alberta reliability standard - Critical Infrastructure Protection,current,Active,Binding reliability requirement in Alberta when applicable,"Implementation plan record associated with Alberta CIP reliability standards.",https://www.aeso.ca/rules-standards-and-tariff/alberta-reliability-standards/,2026-08-23,verified,"Current status verified from AESO Individual Alberta Reliability Standards page."
AESO-ARS-COM-001,COM-001,Communications,AESO,standard,Canada - Alberta,Alberta reliability standard - Communications,current,Active,Binding reliability requirement in Alberta when applicable,"Alberta Reliability Standard in the COM family for reliability communications.",https://www.aeso.ca/rules-standards-and-tariff/alberta-reliability-standards/,2026-08-23,verified,"Current status verified from AESO Individual Alberta Reliability Standards page."
AESO-ARS-COM-002,COM-002,Operating Personnel Communications Protocols,AESO,standard,Canada - Alberta,Alberta reliability standard - Communications,current,Active,Binding reliability requirement in Alberta when applicable,"Alberta Reliability Standard in the COM family for operating personnel communications protocols.",https://www.aeso.ca/rules-standards-and-tariff/alberta-reliability-standards/,2026-08-23,verified,"Current status verified from AESO Individual Alberta Reliability Standards page."
AESO-ARS-EOP-004,EOP-004,Event Reporting,AESO,standard,Canada - Alberta,Alberta reliability standard - Emergency Preparedness and Operations,current,Active,Binding reliability requirement in Alberta when applicable,"Alberta Reliability Standard in the EOP family for emergency preparedness and operations.",https://www.aeso.ca/rules-standards-and-tariff/alberta-reliability-standards/,2026-08-23,verified,"Current status verified from AESO Individual Alberta Reliability Standards page."
AESO-ARS-EOP-005,EOP-005,System Restoration from Blackstart Resources,AESO,standard,Canada - Alberta,Alberta reliability standard - Emergency Preparedness and Operations,current,Active,Binding reliability requirement in Alberta when applicable,"Alberta Reliability Standard in the EOP family for emergency preparedness and operations.",https://www.aeso.ca/rules-standards-and-tariff/alberta-reliability-standards/,2026-08-23,verified,"Current status verified from AESO Individual Alberta Reliability Standards page."
AESO-ARS-EOP-006,EOP-006,System Restoration Coordination,AESO,standard,Canada - Alberta,Alberta reliability standard - Emergency Preparedness and Operations,current,Active,Binding reliability requirement in Alberta when applicable,"Alberta Reliability Standard in the EOP family for emergency preparedness and operations.",https://www.aeso.ca/rules-standards-and-tariff/alberta-reliability-standards/,2026-08-23,verified,"Current status verified from AESO Individual Alberta Reliability Standards page."
AESO-ARS-EOP-008,EOP-008,Loss of Control Centre Functionality,AESO,standard,Canada - Alberta,Alberta reliability standard - Emergency Preparedness and Operations,current,Active,Binding reliability requirement in Alberta when applicable,"Alberta Reliability Standard in the EOP family for emergency preparedness and operations.",https://www.aeso.ca/rules-standards-and-tariff/alberta-reliability-standards/,2026-08-23,verified,"Current status verified from AESO Individual Alberta Reliability Standards page."
AESO-ARS-EOP-011,EOP-011,Emergency Operations,AESO,standard,Canada - Alberta,Alberta reliability standard - Emergency Preparedness and Operations,current,Active,Binding reliability requirement in Alberta when applicable,"Alberta Reliability Standard in the EOP family for emergency operations.",https://www.aeso.ca/rules-standards-and-tariff/alberta-reliability-standards/,2026-08-23,verified,"Current status verified from AESO Individual Alberta Reliability Standards page."
AESO-ARS-FAC-001,FAC-001,Facility Connection Requirements,AESO,standard,Canada - Alberta,Alberta reliability standard - Facilities Design Connections and Maintenance,current,Active,Binding reliability requirement in Alberta when applicable,"Alberta Reliability Standard in the FAC family for facility design connection and maintenance obligations.",https://www.aeso.ca/rules-standards-and-tariff/alberta-reliability-standards/,2026-08-23,verified,"Current status verified from AESO Individual Alberta Reliability Standards page."
AESO-ARS-FAC-002,FAC-002,Coordination of Plans for New Facilities,AESO,standard,Canada - Alberta,Alberta reliability standard - Facilities Design Connections and Maintenance,current,Active,Binding reliability requirement in Alberta when applicable,"Alberta Reliability Standard in the FAC family for facility design connection and maintenance obligations.",https://www.aeso.ca/rules-standards-and-tariff/alberta-reliability-standards/,2026-08-23,verified,"Current status verified from AESO Individual Alberta Reliability Standards page."
AESO-ARS-FAC-003,FAC-003,Transmission Vegetation Management Program,AESO,standard,Canada - Alberta,Alberta reliability standard - Facilities Design Connections and Maintenance,current,Active,Binding reliability requirement in Alberta when applicable,"Alberta Reliability Standard in the FAC family for facility design connection and maintenance obligations.",https://www.aeso.ca/rules-standards-and-tariff/alberta-reliability-standards/,2026-08-23,verified,"Current status verified from AESO Individual Alberta Reliability Standards page."
AESO-ARS-FAC-008,FAC-008,Facility Ratings,AESO,standard,Canada - Alberta,Alberta reliability standard - Facilities Design Connections and Maintenance,current,Active,Binding reliability requirement in Alberta when applicable,"Alberta Reliability Standard in the FAC family for facility ratings.",https://www.aeso.ca/rules-standards-and-tariff/alberta-reliability-standards/,2026-08-23,verified,"Current status verified from AESO Individual Alberta Reliability Standards page."
AESO-ARS-FAC-010,FAC-010,System Operating Limits Methodology for the Planning Horizon,AESO,standard,Canada - Alberta,Alberta reliability standard - Facilities Design Connections and Maintenance,current,Active,Binding reliability requirement in Alberta when applicable,"Alberta Reliability Standard in the FAC family for system operating limit methodology.",https://www.aeso.ca/rules-standards-and-tariff/alberta-reliability-standards/,2026-08-23,verified,"Current status verified from AESO Individual Alberta Reliability Standards page."
AESO-ARS-FAC-011,FAC-011,System Operating Limits Methodology for the Operations Horizon,AESO,standard,Canada - Alberta,Alberta reliability standard - Facilities Design Connections and Maintenance,current,Active,Binding reliability requirement in Alberta when applicable,"Alberta Reliability Standard in the FAC family for system operating limit methodology.",https://www.aeso.ca/rules-standards-and-tariff/alberta-reliability-standards/,2026-08-23,verified,"Current status verified from AESO Individual Alberta Reliability Standards page."
AESO-ARS-FAC-014,FAC-014,Establish and Communicate System Operating Limits,AESO,standard,Canada - Alberta,Alberta reliability standard - Facilities Design Connections and Maintenance,current,Active,Binding reliability requirement in Alberta when applicable,"Alberta Reliability Standard in the FAC family for establishing and communicating system operating limits.",https://www.aeso.ca/rules-standards-and-tariff/alberta-reliability-standards/,2026-08-23,verified,"Current status verified from AESO Individual Alberta Reliability Standards page."
AESO-ARS-FAC-501-WECC,FAC-501-WECC,Transmission Maintenance,AESO,standard,Canada - Alberta,Alberta reliability standard - Facilities Design Connections and Maintenance,current,Active,Binding reliability requirement in Alberta when applicable,"Alberta Reliability Standard in the FAC family for WECC related transmission maintenance.",https://www.aeso.ca/rules-standards-and-tariff/alberta-reliability-standards/,2026-08-23,verified,"Current status verified from AESO Individual Alberta Reliability Standards page."
AESO-ARS-INT-006,INT-006,Evaluation of Interchange Transactions,AESO,standard,Canada - Alberta,Alberta reliability standard - Interchange Scheduling and Coordination,current,Active,Binding reliability requirement in Alberta when applicable,"Alberta Reliability Standard in the INT family for interchange scheduling and coordination.",https://www.aeso.ca/rules-standards-and-tariff/alberta-reliability-standards/,2026-08-23,verified,"Current status verified from AESO Individual Alberta Reliability Standards page."
AESO-ARS-INT-009,INT-009,Implementation of Interchange,AESO,standard,Canada - Alberta,Alberta reliability standard - Interchange Scheduling and Coordination,current,Active,Binding reliability requirement in Alberta when applicable,"Alberta Reliability Standard in the INT family for interchange scheduling and coordination.",https://www.aeso.ca/rules-standards-and-tariff/alberta-reliability-standards/,2026-08-23,verified,"Current status verified from AESO Individual Alberta Reliability Standards page."
AESO-ARS-INT-010,INT-010,Interchange Initiation and Modification for Reliability,AESO,standard,Canada - Alberta,Alberta reliability standard - Interchange Scheduling and Coordination,current,Active,Binding reliability requirement in Alberta when applicable,"Alberta Reliability Standard in the INT family for interchange scheduling and coordination.",https://www.aeso.ca/rules-standards-and-tariff/alberta-reliability-standards/,2026-08-23,verified,"Current status verified from AESO Individual Alberta Reliability Standards page."
AESO-ARS-IRO-002,IRO-002,Reliability Coordinator Monitoring and Analysis,AESO,standard,Canada - Alberta,Alberta reliability standard - Interconnection Reliability Operations and Coordination,current,Active,Binding reliability requirement in Alberta when applicable,"Alberta Reliability Standard in the IRO family for reliability coordination obligations.",https://www.aeso.ca/rules-standards-and-tariff/alberta-reliability-standards/,2026-08-23,verified,"Current status verified from AESO Individual Alberta Reliability Standards page."
AESO-ARS-IRO-005,IRO-005,Reliability Coordination - Current Day Operations,AESO,standard,Canada - Alberta,Alberta reliability standard - Interconnection Reliability Operations and Coordination,current,Active,Binding reliability requirement in Alberta when applicable,"Alberta Reliability Standard in the IRO family for reliability coordination obligations.",https://www.aeso.ca/rules-standards-and-tariff/alberta-reliability-standards/,2026-08-23,verified,"Current status verified from AESO Individual Alberta Reliability Standards page."
AESO-ARS-IRO-006,IRO-006,Reliability Coordination - Transmission Loading Relief,AESO,standard,Canada - Alberta,Alberta reliability standard - Interconnection Reliability Operations and Coordination,current,Active,Binding reliability requirement in Alberta when applicable,"Alberta Reliability Standard in the IRO family for reliability coordination obligations.",https://www.aeso.ca/rules-standards-and-tariff/alberta-reliability-standards/,2026-08-23,verified,"Current status verified from AESO Individual Alberta Reliability Standards page."
AESO-ARS-IRO-006-WECC,IRO-006-WECC,Qualified Transfer Path Unscheduled Flow Relief,AESO,standard,Canada - Alberta,Alberta reliability standard - Interconnection Reliability Operations and Coordination,current,Active,Binding reliability requirement in Alberta when applicable,"Alberta Reliability Standard in the IRO family for WECC related unscheduled flow relief.",https://www.aeso.ca/rules-standards-and-tariff/alberta-reliability-standards/,2026-08-23,verified,"Current status verified from AESO Individual Alberta Reliability Standards page."
AESO-ARS-IRO-008,IRO-008,Reliability Coordinator Operational Analyses and Real-time Assessments,AESO,standard,Canada - Alberta,Alberta reliability standard - Interconnection Reliability Operations and Coordination,current,Active,Binding reliability requirement in Alberta when applicable,"Alberta Reliability Standard in the IRO family for operational analyses and real-time assessments.",https://www.aeso.ca/rules-standards-and-tariff/alberta-reliability-standards/,2026-08-23,verified,"Current status verified from AESO Individual Alberta Reliability Standards page."
AESO-ARS-IRO-009,IRO-009,Reliability Coordinator Actions to Operate Within IROLs,AESO,standard,Canada - Alberta,Alberta reliability standard - Interconnection Reliability Operations and Coordination,current,Active,Binding reliability requirement in Alberta when applicable,"Alberta Reliability Standard in the IRO family for actions to operate within IROLs.",https://www.aeso.ca/rules-standards-and-tariff/alberta-reliability-standards/,2026-08-23,verified,"Current status verified from AESO Individual Alberta Reliability Standards page."
AESO-ARS-IRO-010,IRO-010,Reliability Coordinator Data Specification and Collection,AESO,standard,Canada - Alberta,Alberta reliability standard - Interconnection Reliability Operations and Coordination,current,Active,Binding reliability requirement in Alberta when applicable,"Alberta Reliability Standard in the IRO family for data specification and collection.",https://www.aeso.ca/rules-standards-and-tariff/alberta-reliability-standards/,2026-08-23,verified,"Current status verified from AESO Individual Alberta Reliability Standards page."
AESO-ARS-IRO-014,IRO-014,Coordination Among Reliability Coordinators,AESO,standard,Canada - Alberta,Alberta reliability standard - Interconnection Reliability Operations and Coordination,current,Active,Binding reliability requirement in Alberta when applicable,"Alberta Reliability Standard in the IRO family for coordination among reliability coordinators.",https://www.aeso.ca/rules-standards-and-tariff/alberta-reliability-standards/,2026-08-23,verified,"Current status verified from AESO Individual Alberta Reliability Standards page."
AESO-ARS-IRO-017,IRO-017,Outage Coordination,AESO,standard,Canada - Alberta,Alberta reliability standard - Interconnection Reliability Operations and Coordination,current,Active,Binding reliability requirement in Alberta when applicable,"Alberta Reliability Standard in the IRO family for outage coordination.",https://www.aeso.ca/rules-standards-and-tariff/alberta-reliability-standards/,2026-08-23,verified,"Current status verified from AESO Individual Alberta Reliability Standards page."
AESO-ARS-IRO-018,IRO-018,Reliability Coordination Real Time Reliability Monitoring and Analysis Capabilities,AESO,standard,Canada - Alberta,Alberta reliability standard - Interconnection Reliability Operations and Coordination,current,Active,Binding reliability requirement in Alberta when applicable,"Alberta Reliability Standard in the IRO family for real-time reliability monitoring and analysis capabilities.",https://www.aeso.ca/rules-standards-and-tariff/alberta-reliability-standards/,2026-08-23,verified,"Current status verified from AESO Individual Alberta Reliability Standards page."
AESO-ARS-MOD-010-012,MOD-010&012,Steady-State and Dynamic Data for Transmission System Modeling and Simulation,AESO,standard,Canada - Alberta,Alberta reliability standard - Modeling Data and Analysis,current,Active,Binding reliability requirement in Alberta when applicable,"Alberta Reliability Standard in the MOD family for transmission system modeling and simulation data.",https://www.aeso.ca/rules-standards-and-tariff/alberta-reliability-standards/,2026-08-23,verified,"Current status verified from AESO Individual Alberta Reliability Standards page."
AESO-ARS-MOD-031,MOD-031,Demand and Energy Data,AESO,standard,Canada - Alberta,Alberta reliability standard - Modeling Data and Analysis,current,Active,Binding reliability requirement in Alberta when applicable,"Alberta Reliability Standard in the MOD family for demand and energy data.",https://www.aeso.ca/rules-standards-and-tariff/alberta-reliability-standards/,2026-08-23,verified,"Current status verified from AESO Individual Alberta Reliability Standards page."
AESO-ARS-PER-003,PER-003,Operations Personnel Credentials,AESO,standard,Canada - Alberta,Alberta reliability standard - Personnel Performance Training and Qualifications,current,Active,Binding reliability requirement in Alberta when applicable,"Alberta Reliability Standard in the PER family for personnel performance training and qualification obligations.",https://www.aeso.ca/rules-standards-and-tariff/alberta-reliability-standards/,2026-08-23,verified,"Current status verified from AESO Individual Alberta Reliability Standards page."
AESO-ARS-PER-004,PER-004,Reliability Coordination - Staffing,AESO,standard,Canada - Alberta,Alberta reliability standard - Personnel Performance Training and Qualifications,current,Active,Binding reliability requirement in Alberta when applicable,"Alberta Reliability Standard in the PER family for reliability coordination staffing.",https://www.aeso.ca/rules-standards-and-tariff/alberta-reliability-standards/,2026-08-23,verified,"Current status verified from AESO Individual Alberta Reliability Standards page."
AESO-ARS-PER-005,PER-005,Operations Personnel Training,AESO,standard,Canada - Alberta,Alberta reliability standard - Personnel Performance Training and Qualifications,current,Active,Binding reliability requirement in Alberta when applicable,"Alberta Reliability Standard in the PER family for operations personnel training.",https://www.aeso.ca/rules-standards-and-tariff/alberta-reliability-standards/,2026-08-23,verified,"Current status verified from AESO Individual Alberta Reliability Standards page."
AESO-ARS-PER-006,PER-006,Specific Training for Personnel,AESO,standard,Canada - Alberta,Alberta reliability standard - Personnel Performance Training and Qualifications,current,Active,Binding reliability requirement in Alberta when applicable,"Alberta Reliability Standard in the PER family for specific personnel training.",https://www.aeso.ca/rules-standards-and-tariff/alberta-reliability-standards/,2026-08-23,verified,"Current status verified from AESO Individual Alberta Reliability Standards page."
AESO-ARS-PRC-001,PRC-001,Protection System Coordination,AESO,standard,Canada - Alberta,Alberta reliability standard - Protection and Control,current,Active,Binding reliability requirement in Alberta when applicable,"Alberta Reliability Standard in the PRC family for protection and control obligations.",https://www.aeso.ca/rules-standards-and-tariff/alberta-reliability-standards/,2026-08-23,verified,"Current status verified from AESO Individual Alberta Reliability Standards page."
AESO-ARS-PRC-002,PRC-002,Disturbance Monitoring and Reporting Requirements,AESO,standard,Canada - Alberta,Alberta reliability standard - Protection and Control,current,Active,Binding reliability requirement in Alberta when applicable,"Alberta Reliability Standard in the PRC family for disturbance monitoring and reporting requirements.",https://www.aeso.ca/rules-standards-and-tariff/alberta-reliability-standards/,2026-08-23,verified,"Current status verified from AESO Individual Alberta Reliability Standards page."
AESO-ARS-PRC-004,PRC-004,Analysis and Mitigation of Transmission and Generation Protection System Misoperation,AESO,standard,Canada - Alberta,Alberta reliability standard - Protection and Control,current,Active,Binding reliability requirement in Alberta when applicable,"Alberta Reliability Standard in the PRC family for protection system misoperation analysis and mitigation.",https://www.aeso.ca/rules-standards-and-tariff/alberta-reliability-standards/,2026-08-23,verified,"Current status verified from AESO Individual Alberta Reliability Standards page."
AESO-ARS-PRC-004-WECC,PRC-004-WECC,Protection System and Remedial Action Scheme Misoperation,AESO,standard,Canada - Alberta,Alberta reliability standard - Protection and Control,current,Active,Binding reliability requirement in Alberta when applicable,"Alberta Reliability Standard in the PRC family for WECC related protection system and remedial action scheme misoperation.",https://www.aeso.ca/rules-standards-and-tariff/alberta-reliability-standards/,2026-08-23,verified,"Current status verified from AESO Individual Alberta Reliability Standards page."
AESO-ARS-PRC-005,PRC-005,"Protection System Automatic Reclosing and Sudden Pressure Relaying Maintenance",AESO,standard,Canada - Alberta,Alberta reliability standard - Protection and Control,current,Active,Binding reliability requirement in Alberta when applicable,"Alberta Reliability Standard in the PRC family for protection system maintenance.",https://www.aeso.ca/rules-standards-and-tariff/alberta-reliability-standards/,2026-08-23,verified,"Current status verified from AESO Individual Alberta Reliability Standards page."
AESO-ARS-PRC-006,PRC-006,Automatic Underfrequency Load Shedding,AESO,standard,Canada - Alberta,Alberta reliability standard - Protection and Control,current,Active,Binding reliability requirement in Alberta when applicable,"Alberta Reliability Standard in the PRC family for automatic underfrequency load shedding.",https://www.aeso.ca/rules-standards-and-tariff/alberta-reliability-standards/,2026-08-23,verified,"Current status verified from AESO Individual Alberta Reliability Standards page."
AESO-ARS-PRC-010,PRC-010,Under Voltage Load Shedding,AESO,standard,Canada - Alberta,Alberta reliability standard - Protection and Control,current,Active,Binding reliability requirement in Alberta when applicable,"Alberta Reliability Standard in the PRC family for under voltage load shedding.",https://www.aeso.ca/rules-standards-and-tariff/alberta-reliability-standards/,2026-08-23,verified,"Current status verified from AESO Individual Alberta Reliability Standards page."
AESO-ARS-PRC-019,PRC-019,"Coordination of Generating Unit or Plant Capabilities Voltage Regulating Controls and Protection",AESO,standard,Canada - Alberta,Alberta reliability standard - Protection and Control,current,Active,Binding reliability requirement in Alberta when applicable,"Alberta Reliability Standard in the PRC family for coordination of generating unit or plant capabilities voltage controls and protection.",https://www.aeso.ca/rules-standards-and-tariff/alberta-reliability-standards/,2026-08-23,verified,"Current status verified from AESO Individual Alberta Reliability Standards page."
AESO-ARS-PRC-023,PRC-023,Transmission Relay Loadability,AESO,standard,Canada - Alberta,Alberta reliability standard - Protection and Control,current,Active,Binding reliability requirement in Alberta when applicable,"Alberta Reliability Standard in the PRC family for transmission relay loadability.",https://www.aeso.ca/rules-standards-and-tariff/alberta-reliability-standards/,2026-08-23,verified,"Current status verified from AESO Individual Alberta Reliability Standards page."
AESO-ARS-PRC-025,PRC-025,Generator Load Reliability,AESO,standard,Canada - Alberta,Alberta reliability standard - Protection and Control,current,Active,Binding reliability requirement in Alberta when applicable,"Alberta Reliability Standard in the PRC family for generator load reliability.",https://www.aeso.ca/rules-standards-and-tariff/alberta-reliability-standards/,2026-08-23,verified,"Current status verified from AESO Individual Alberta Reliability Standards page."
AESO-ARS-TPL-001,TPL-001,System Performance Under Normal Conditions,AESO,standard,Canada - Alberta,Alberta reliability standard - Transmission Planning,current,Active,Binding reliability requirement in Alberta when applicable,"Alberta Reliability Standard in the TPL family for transmission planning performance.",https://www.aeso.ca/rules-standards-and-tariff/alberta-reliability-standards/,2026-08-23,verified,"Current status verified from AESO Individual Alberta Reliability Standards page."
AESO-ARS-TPL-002,TPL-002,System Performance Following Loss of a Single BES Element,AESO,standard,Canada - Alberta,Alberta reliability standard - Transmission Planning,current,Active,Binding reliability requirement in Alberta when applicable,"Alberta Reliability Standard in the TPL family for transmission planning performance.",https://www.aeso.ca/rules-standards-and-tariff/alberta-reliability-standards/,2026-08-23,verified,"Current status verified from AESO Individual Alberta Reliability Standards page."
AESO-ARS-TPL-003,TPL-003,System Performance Following Loss of Two or More BES Elements,AESO,standard,Canada - Alberta,Alberta reliability standard - Transmission Planning,current,Active,Binding reliability requirement in Alberta when applicable,"Alberta Reliability Standard in the TPL family for transmission planning performance.",https://www.aeso.ca/rules-standards-and-tariff/alberta-reliability-standards/,2026-08-23,verified,"Current status verified from AESO Individual Alberta Reliability Standards page."
AESO-ARS-TPL-004,TPL-004,System Performance Following Extreme BES Events,AESO,standard,Canada - Alberta,Alberta reliability standard - Transmission Planning,current,Active,Binding reliability requirement in Alberta when applicable,"Alberta Reliability Standard in the TPL family for transmission planning performance.",https://www.aeso.ca/rules-standards-and-tariff/alberta-reliability-standards/,2026-08-23,verified,"Current status verified from AESO Individual Alberta Reliability Standards page."
AESO-ARS-VAR-001,VAR-001,Voltage and Reactive Control,AESO,standard,Canada - Alberta,Alberta reliability standard - Voltage and Reactive,current,Active,Binding reliability requirement in Alberta when applicable,"Alberta Reliability Standard in the VAR family for voltage and reactive control.",https://www.aeso.ca/rules-standards-and-tariff/alberta-reliability-standards/,2026-08-23,verified,"Current status verified from AESO Individual Alberta Reliability Standards page."
AESO-ARS-VAR-002,VAR-002,Generator Operation for Maintaining Network Voltages,AESO,standard,Canada - Alberta,Alberta reliability standard - Voltage and Reactive,current,Active,Binding reliability requirement in Alberta when applicable,"Alberta Reliability Standard in the VAR family for generator operation and network voltage maintenance.",https://www.aeso.ca/rules-standards-and-tariff/alberta-reliability-standards/,2026-08-23,verified,"Current status verified from AESO Individual Alberta Reliability Standards page."
AESO-ARS-VAR-501-WECC,VAR-501-WECC,Power System Stabilizer,AESO,standard,Canada - Alberta,Alberta reliability standard - Voltage and Reactive,current,Active,Binding reliability requirement in Alberta when applicable,"Alberta Reliability Standard in the VAR family for WECC related power system stabilizer requirements.",https://www.aeso.ca/rules-standards-and-tariff/alberta-reliability-standards/,2026-08-23,verified,"Current status verified from AESO Individual Alberta Reliability Standards page."
AESO-ARS-ADM-002,ADM-002,Waivers and Variances,AESO,standard,Canada - Alberta,Alberta reliability standard - Administrative,current,Active,Binding reliability requirement in Alberta when applicable,"Administrative Alberta Reliability Standard for waivers and variances.",https://www.aeso.ca/rules-standards-and-tariff/alberta-reliability-standards/,2026-08-23,verified,"Current status verified from AESO Individual Alberta Reliability Standards page."
