standard_id,designation,title,publisher,record_type,country_scope,primary_category,latest_known_edition,applicability,summary,official_url,source_download_url,notes
NERC-BAL,NERC BAL,Resource and Demand Balancing,North American Electric Reliability Corporation,standard_family,North America,NERC Resource and Demand Balancing,current,Enforceable after approval or adoption by the applicable regulatory authority,NERC BAL reliability standards family for resource and demand balancing requirements.,https://www.nerc.com/standards/reliability-standards/bal,,Family record generated from the official NERC Reliability Standards page.
NERC-BAL-001-2,BAL-001-2,Real Power Balancing Control Performance,North American Electric Reliability Corporation,standard,North America,NERC Resource and Demand Balancing,2016-07-01,Enforceable after approval or adoption by the applicable regulatory authority,NERC reliability standard in the BAL family addressing real power balancing control performance.,https://www.nerc.com/standards/reliability-standards/bal/bal-001-2,https://www.nerc.com/globalassets/standards/reliability-standards/bal/bal-001-2.pdf,"NERC page label: Mandatory Subject to Enforcement. Standard document modified June 12, 2025. Public notes: Filing/Order Docket No. RM14-10-000."
NERC-BAL-001-TRE-2,BAL-001-TRE-2,Primary Frequency Response in the ERCOT Region,North American Electric Reliability Corporation,standard,North America,NERC Resource and Demand Balancing,2020-07-01,Enforceable after approval or adoption by the applicable regulatory authority,NERC reliability standard in the BAL family addressing primary frequency response in the ercot region.,https://www.nerc.com/standards/reliability-standards/bal/bal-001-tre-2,https://www.nerc.com/globalassets/standards/reliability-standards/bal/bal-001-tre-2.pdf,"NERC page label: Mandatory Subject to Enforcement. Standard document modified June 12, 2025. Public notes: Filing/Order Docket No. RD20-5-000."
NERC-BAL-002-3,BAL-002-3,Disturbance Control Standard - Contingency Reserve for Recovery from a Balancing Contingency Event,North American Electric Reliability Corporation,standard,North America,NERC Resource and Demand Balancing,2019-04-01,Enforceable after approval or adoption by the applicable regulatory authority,NERC reliability standard in the BAL family addressing disturbance control standard - contingency reserve for recovery from a balancing contingency event.,https://www.nerc.com/standards/reliability-standards/bal/bal-002-3,https://www.nerc.com/globalassets/standards/reliability-standards/bal/bal-002-3.pdf,"NERC page label: Mandatory Subject to Enforcement. Standard document modified June 12, 2025. Public notes: Filing/Order Docket No. RD18-7-000."
NERC-BAL-003-2,BAL-003-2,Frequency Response and Frequency Bias Setting,North American Electric Reliability Corporation,standard,North America,NERC Resource and Demand Balancing,2020-12-01,Enforceable after approval or adoption by the applicable regulatory authority,NERC reliability standard in the BAL family addressing frequency response and frequency bias setting.,https://www.nerc.com/standards/reliability-standards/bal/bal-003-2,https://www.nerc.com/globalassets/standards/reliability-standards/bal/bal-003-2.pdf,"NERC page label: Mandatory Subject to Enforcement. Standard document modified June 12, 2025. Public notes: Filing/Order Docket No. RD20-9-000."
NERC-BAL-004-WECC-4,BAL-004-WECC-4,Automatic Time Error Correction,North American Electric Reliability Corporation,standard,North America,NERC Resource and Demand Balancing,2025-10-01,Enforceable after approval or adoption by the applicable regulatory authority,NERC reliability standard in the BAL family addressing automatic time error correction.,https://www.nerc.com/standards/reliability-standards/bal/bal-004-wecc-4,https://www.nerc.com/globalassets/standards/reliability-standards/bal/bal-004-wecc-4.pdf,"NERC page label: Mandatory Subject to Enforcement. Standard document modified November 21, 2025. Public notes: Filing/Order Docket No. RD25-6-000."
NERC-BAL-005-1,BAL-005-1,Balancing Authority Control,North American Electric Reliability Corporation,standard,North America,NERC Resource and Demand Balancing,2019-01-01,Enforceable after approval or adoption by the applicable regulatory authority,NERC reliability standard in the BAL family addressing balancing authority control.,https://www.nerc.com/standards/reliability-standards/bal/bal-005-1,https://www.nerc.com/globalassets/standards/reliability-standards/bal/bal-005-1.pdf,"NERC page label: Mandatory Subject to Enforcement. Standard document modified June 12, 2025. Public notes: Filing/Order Docket No. RM16-13-000."
NERC-BAL-007-1-1,BAL-007-1.1,Near-Term Energy Reliability Assessments,North American Electric Reliability Corporation,standard,North America,NERC Resource and Demand Balancing,2027-04-01,Enforceable after approval or adoption by the applicable regulatory authority,NERC reliability standard in the BAL family addressing near-term energy reliability assessments.,https://www.nerc.com/standards/reliability-standards/bal/bal-007-1.1,https://www.nerc.com/globalassets/standards/projects/2022-03/bal-007-1.1-errata-clean.pdf,"NERC page label: Subject to Future Enforcement. Standard document modified April 17, 2026. Public notes: Filing/Order Docket No. RD26-4-000 Replaces BAL-007-1 (Errata)."
NERC-BAL-502-RF-03,BAL-502-RF-03,"Planning Resource Adequacy Analysis, Assessment and Documentation",North American Electric Reliability Corporation,standard,North America,NERC Resource and Demand Balancing,2018-01-01,Enforceable after approval or adoption by the applicable regulatory authority,"NERC reliability standard in the BAL family addressing planning resource adequacy analysis, assessment and documentation.",https://www.nerc.com/standards/reliability-standards/bal/bal-502-rf-03,https://www.nerc.com/globalassets/standards/reliability-standards/bal/bal-502-rf-03.pdf,"NERC page label: Mandatory Subject to Enforcement. Standard document modified November 24, 2025. Public notes: Filing/Order Docket No. RD17-8-000."
NERC-CIP,NERC CIP,Critical Infrastructure Protection,North American Electric Reliability Corporation,standard_family,North America,NERC Critical Infrastructure Protection,current,Enforceable after approval or adoption by the applicable regulatory authority,NERC CIP reliability standards family for critical infrastructure protection requirements.,https://www.nerc.com/standards/reliability-standards/cip,,Family record generated from the official NERC Reliability Standards page.
NERC-CIP-002-5-1A,CIP-002-5.1a,Cyber Security - BES Cyber System Categorization,North American Electric Reliability Corporation,standard,North America,NERC Critical Infrastructure Protection,2016-12-27,Enforceable after approval or adoption by the applicable regulatory authority,NERC reliability standard in the CIP family addressing cyber security - bes cyber system categorization.,https://www.nerc.com/standards/reliability-standards/cip/cip-002-5.1a,https://www.nerc.com/globalassets/standards/reliability-standards/cip/cip-002-5.1a.pdf,"NERC page label: Mandatory Subject to Enforcement. Standard document modified June 12, 2025. Public notes: Filing/Order Docket No. RD17-2-000 CIP-002-5.1a replaced CIP-002-5.1."
NERC-CIP-002-7,CIP-002-7,Cyber Security - BES Cyber System Categorization,North American Electric Reliability Corporation,standard,North America,NERC Critical Infrastructure Protection,2028-07-01,Enforceable after approval or adoption by the applicable regulatory authority,NERC reliability standard in the CIP family addressing cyber security - bes cyber system categorization.,https://www.nerc.com/standards/reliability-standards/cip/cip-002-7,https://www.nerc.com/globalassets/standards/reliability-standards/cip/cip-002-7.pdf,"NERC page label: Subject to Future Enforcement. Standard document modified November 25, 2025. Public notes: Approved/superseded by CIP-002-8 Filing/Order Docket No. RM24-8-000."
NERC-CIP-002-8,CIP-002-8,Cyber Security - BES Cyber System Categorization,North American Electric Reliability Corporation,standard,North America,NERC Critical Infrastructure Protection,2028-07-01,Enforceable after approval or adoption by the applicable regulatory authority,NERC reliability standard in the CIP family addressing cyber security - bes cyber system categorization.,https://www.nerc.com/standards/reliability-standards/cip/cip-002-8,https://www.nerc.com/globalassets/standards/reliability-standards/cip/cip-002-8.pdf,"NERC page label: Subject to Future Enforcement. Standard document modified November 25, 2025. Public notes: Filing/Order Docket No. RM25-8-000."
NERC-CIP-003-10,CIP-003-10,Cyber Security - Security Management Controls,North American Electric Reliability Corporation,standard,North America,NERC Critical Infrastructure Protection,2028-07-01,Enforceable after approval or adoption by the applicable regulatory authority,NERC reliability standard in the CIP family addressing cyber security - security management controls.,https://www.nerc.com/standards/reliability-standards/cip/cip-003-10,https://www.nerc.com/globalassets/standards/reliability-standards/cip/cip-003-10.pdf,"NERC page label: Subject to Future Enforcement. Standard document modified November 25, 2025. Public notes: Filing/Order Docket No. RM24-8-000."
NERC-CIP-003-11,CIP-003-11,Cyber Security - Security Management Controls,North American Electric Reliability Corporation,standard,North America,NERC Critical Infrastructure Protection,2029-07-01,Enforceable after approval or adoption by the applicable regulatory authority,NERC reliability standard in the CIP family addressing cyber security - security management controls.,https://www.nerc.com/standards/reliability-standards/cip/cip-003-11,https://www.nerc.com/globalassets/standards/reliability-standards/cip/cip-003-11.pdf,"NERC page label: Subject to Future Enforcement. Standard document modified November 25, 2025. Public notes: Filing/Order Docket No. RM25-8-000."
NERC-CIP-003-9,CIP-003-9,Cyber Security - Security Management Controls,North American Electric Reliability Corporation,standard,North America,NERC Critical Infrastructure Protection,2026-04-01,Enforceable after approval or adoption by the applicable regulatory authority,NERC reliability standard in the CIP family addressing cyber security - security management controls.,https://www.nerc.com/standards/reliability-standards/cip/cip-003-9,https://www.nerc.com/globalassets/standards/reliability-standards/cip/cip-003-9.pdf,"NERC page label: Mandatory Subject to Enforcement. Standard document modified November 24, 2025. Public notes: Filing/Order Docket No. RD23-3-000."
NERC-CIP-004-7,CIP-004-7,Cyber Security - Personnel & Training,North American Electric Reliability Corporation,standard,North America,NERC Critical Infrastructure Protection,2024-01-01,Enforceable after approval or adoption by the applicable regulatory authority,NERC reliability standard in the CIP family addressing cyber security - personnel & training.,https://www.nerc.com/standards/reliability-standards/cip/cip-004-7,https://www.nerc.com/globalassets/standards/reliability-standards/cip/cip-004-7.pdf,"NERC page label: Mandatory Subject to Enforcement. Standard document modified November 24, 2025. Public notes: Filing/Order Docket No. RD21-6-000."
NERC-CIP-004-8,CIP-004-8,Cyber Security - Personnel & Training ,North American Electric Reliability Corporation,standard,North America,NERC Critical Infrastructure Protection,2028-07-01,Enforceable after approval or adoption by the applicable regulatory authority,NERC reliability standard in the CIP family addressing cyber security - personnel & training .,https://www.nerc.com/standards/reliability-standards/cip/cip-004-8,https://www.nerc.com/globalassets/standards/reliability-standards/cip/cip-004-8.pdf,"NERC page label: Subject to Future Enforcement. Standard document modified November 25, 2025. Public notes: Filing/Order Docket No. RM24-8-000."
NERC-CIP-005-7,CIP-005-7,Cyber Security - Electronic Security Perimeter(s),North American Electric Reliability Corporation,standard,North America,NERC Critical Infrastructure Protection,2022-10-01,Enforceable after approval or adoption by the applicable regulatory authority,NERC reliability standard in the CIP family addressing cyber security - electronic security perimeter(s).,https://www.nerc.com/standards/reliability-standards/cip/cip-005-7,https://www.nerc.com/globalassets/standards/reliability-standards/cip/cip-005-7.pdf,"NERC page label: Mandatory Subject to Enforcement. Standard document modified November 24, 2025. Public notes: Filing/Order Docket No. RD21-2-000."
NERC-CIP-005-8,CIP-005-8,Cyber Security - Electronic Security Perimeter(s) ,North American Electric Reliability Corporation,standard,North America,NERC Critical Infrastructure Protection,2028-07-01,Enforceable after approval or adoption by the applicable regulatory authority,NERC reliability standard in the CIP family addressing cyber security - electronic security perimeter(s) .,https://www.nerc.com/standards/reliability-standards/cip/cip-005-8,https://www.nerc.com/globalassets/standards/reliability-standards/cip/cip-005-8.pdf,"NERC page label: Subject to Future Enforcement. Standard document modified November 25, 2025. Public notes: Filing/Order Docket No. RM24-8-000."
NERC-CIP-006-6,CIP-006-6,Cyber Security - Physical Security of BES Cyber Systems,North American Electric Reliability Corporation,standard,North America,NERC Critical Infrastructure Protection,2016-07-01,Enforceable after approval or adoption by the applicable regulatory authority,NERC reliability standard in the CIP family addressing cyber security - physical security of bes cyber systems.,https://www.nerc.com/standards/reliability-standards/cip/cip-006-6,https://www.nerc.com/globalassets/standards/reliability-standards/cip/cip-006-6.pdf,"NERC page label: Mandatory Subject to Enforcement. Standard document modified June 12, 2025. Public notes: Filing/Order Docket No. RM15-14-000 See Implementation Plan for Compliance dates.."
NERC-CIP-006-7-1,CIP-006-7.1,Cyber Security - Physical Security of BES Cyber Systems,North American Electric Reliability Corporation,standard,North America,NERC Critical Infrastructure Protection,2028-07-01,Enforceable after approval or adoption by the applicable regulatory authority,NERC reliability standard in the CIP family addressing cyber security - physical security of bes cyber systems.,https://www.nerc.com/standards/reliability-standards/cip/cip-006-7.1,https://www.nerc.com/globalassets/standards/reliability-standards/cip/cip-006-7.1.pdf,"NERC page label: Subject to Future Enforcement. Standard document modified March 27, 2026. Public notes: Filing/Order Docket No. RM24-8-000 Replaces CIP-006-7 (Errata)."
NERC-CIP-007-6,CIP-007-6,Cyber Security - System Security Management,North American Electric Reliability Corporation,standard,North America,NERC Critical Infrastructure Protection,2016-07-01,Enforceable after approval or adoption by the applicable regulatory authority,NERC reliability standard in the CIP family addressing cyber security - system security management.,https://www.nerc.com/standards/reliability-standards/cip/cip-007-6,https://www.nerc.com/globalassets/standards/reliability-standards/cip/cip-007-6.pdf,"NERC page label: Mandatory Subject to Enforcement. Standard document modified June 12, 2025. Public notes: Filing/Order Docket No. RM15-14-000."
NERC-CIP-007-7-1,CIP-007-7.1,Cyber Security - System Security Management,North American Electric Reliability Corporation,standard,North America,NERC Critical Infrastructure Protection,2028-07-01,Enforceable after approval or adoption by the applicable regulatory authority,NERC reliability standard in the CIP family addressing cyber security - system security management.,https://www.nerc.com/standards/reliability-standards/cip/cip-007-7.1,https://www.nerc.com/globalassets/standards/reliability-standards/cip/cip-007-7.1.pdf,"NERC page label: Subject to Future Enforcement. Standard document modified March 27, 2026. Public notes: Filing/Order Docket No. RM24-8-000 Replaces CIP-007-7 (Errata)."
NERC-CIP-008-6,CIP-008-6,Cyber Security - Incident Reporting and Response Planning,North American Electric Reliability Corporation,standard,North America,NERC Critical Infrastructure Protection,2021-01-01,Enforceable after approval or adoption by the applicable regulatory authority,NERC reliability standard in the CIP family addressing cyber security - incident reporting and response planning.,https://www.nerc.com/standards/reliability-standards/cip/cip-008-6,https://www.nerc.com/globalassets/standards/reliability-standards/cip/cip-008-6.pdf,"NERC page label: Mandatory Subject to Enforcement. Standard document modified November 25, 2025. Public notes: Filing/Order Docket No. RD19-3-000."
NERC-CIP-008-7-1,CIP-008-7.1,Cyber Security - Incident Reporting and Response Planning,North American Electric Reliability Corporation,standard,North America,NERC Critical Infrastructure Protection,2028-07-01,Enforceable after approval or adoption by the applicable regulatory authority,NERC reliability standard in the CIP family addressing cyber security - incident reporting and response planning.,https://www.nerc.com/standards/reliability-standards/cip/cip-008-7.1,https://www.nerc.com/globalassets/standards/reliability-standards/cip/cip-008-7.1.pdf,"NERC page label: Subject to Future Enforcement. Standard document modified March 27, 2026. Public notes: Filing/Order Docket No. RM24-8-000 Replaces CIP-008-7 (Errata)."
NERC-CIP-009-6,CIP-009-6,Cyber Security - Recovery Plans for BES Cyber Systems,North American Electric Reliability Corporation,standard,North America,NERC Critical Infrastructure Protection,2016-07-01,Enforceable after approval or adoption by the applicable regulatory authority,NERC reliability standard in the CIP family addressing cyber security - recovery plans for bes cyber systems.,https://www.nerc.com/standards/reliability-standards/cip/cip-009-6,https://www.nerc.com/globalassets/standards/reliability-standards/cip/cip-009-6.pdf,"NERC page label: Mandatory Subject to Enforcement. Standard document modified June 12, 2025. Public notes: Filing/Order Docket No. RM15-14-000."
NERC-CIP-009-7-1,CIP-009-7.1,Cyber Security - Recovery Plans for BES Cyber Systems,North American Electric Reliability Corporation,standard,North America,NERC Critical Infrastructure Protection,2028-07-01,Enforceable after approval or adoption by the applicable regulatory authority,NERC reliability standard in the CIP family addressing cyber security - recovery plans for bes cyber systems.,https://www.nerc.com/standards/reliability-standards/cip/cip-009-7.1,https://www.nerc.com/globalassets/standards/reliability-standards/cip/cip-009-7.1.pdf,"NERC page label: Subject to Future Enforcement. Standard document modified March 27, 2026. Public notes: Filing/Order Docket No. RM24-8-000 Replaces CIP-009-7 (Errata)."
NERC-CIP-010-4,CIP-010-4,Cyber Security - Configuration Change Management and Vulnerability Assessments,North American Electric Reliability Corporation,standard,North America,NERC Critical Infrastructure Protection,2022-10-01,Enforceable after approval or adoption by the applicable regulatory authority,NERC reliability standard in the CIP family addressing cyber security - configuration change management and vulnerability assessments.,https://www.nerc.com/standards/reliability-standards/cip/cip-010-4,https://www.nerc.com/globalassets/standards/reliability-standards/cip/cip-010-4.pdf,"NERC page label: Mandatory Subject to Enforcement. Standard document modified November 25, 2025. Public notes: Filing/Order Docket No. RD21-2-000."
NERC-CIP-010-5,CIP-010-5,Cyber Security - Configuration Change Management and Vulnerability Assessments,North American Electric Reliability Corporation,standard,North America,NERC Critical Infrastructure Protection,2028-07-01,Enforceable after approval or adoption by the applicable regulatory authority,NERC reliability standard in the CIP family addressing cyber security - configuration change management and vulnerability assessments.,https://www.nerc.com/standards/reliability-standards/cip/cip-010-5,https://www.nerc.com/globalassets/standards/reliability-standards/cip/cip-010-5.pdf,"NERC page label: Subject to Future Enforcement. Standard document modified November 25, 2025. Public notes: Filing/Order Docket No. RM24-8-000."
NERC-CIP-011-3,CIP-011-3,Cyber Security - Information Protection,North American Electric Reliability Corporation,standard,North America,NERC Critical Infrastructure Protection,2024-01-01,Enforceable after approval or adoption by the applicable regulatory authority,NERC reliability standard in the CIP family addressing cyber security - information protection.,https://www.nerc.com/standards/reliability-standards/cip/cip-011-3,https://www.nerc.com/globalassets/standards/reliability-standards/cip/cip-011-3.pdf,"NERC page label: Mandatory Subject to Enforcement. Standard document modified November 25, 2025. Public notes: Filing/Order Docket No. RD21-6-000."
NERC-CIP-011-4-1,CIP-011-4.1,Cyber Security - Information Protection,North American Electric Reliability Corporation,standard,North America,NERC Critical Infrastructure Protection,2028-07-01,Enforceable after approval or adoption by the applicable regulatory authority,NERC reliability standard in the CIP family addressing cyber security - information protection.,https://www.nerc.com/standards/reliability-standards/cip/cip-011-4.1,https://www.nerc.com/globalassets/standards/reliability-standards/cip/cip-011-4.1.pdf,"NERC page label: Subject to Future Enforcement. Standard document modified March 27, 2026. Public notes: Filing/Order Docket No. RM24-8-000 Replaces CIP-011-4 (Errata)."
NERC-CIP-012-2,CIP-012-2,Cyber Security - Communications between Control Centers,North American Electric Reliability Corporation,standard,North America,NERC Critical Infrastructure Protection,2026-07-01,Enforceable after approval or adoption by the applicable regulatory authority,NERC reliability standard in the CIP family addressing cyber security - communications between control centers.,https://www.nerc.com/standards/reliability-standards/cip/cip-012-2,https://www.nerc.com/globalassets/standards/reliability-standards/cip/cip-012-2.pdf,"NERC page label: Mandatory Subject to Enforcement. Standard document modified January 22, 2026. Public notes: Filing/Order Docket No. RD24-3-000."
NERC-CIP-013-2,CIP-013-2,Cyber Security - Supply Chain Risk Management,North American Electric Reliability Corporation,standard,North America,NERC Critical Infrastructure Protection,2022-10-01,Enforceable after approval or adoption by the applicable regulatory authority,NERC reliability standard in the CIP family addressing cyber security - supply chain risk management.,https://www.nerc.com/standards/reliability-standards/cip/cip-013-2,https://www.nerc.com/globalassets/standards/reliability-standards/cip/cip-013-2.pdf,"NERC page label: Mandatory Subject to Enforcement. Standard document modified November 25, 2025. Public notes: Filing/Order Docket No. RD21-2-000."
NERC-CIP-013-3,CIP-013-3,Cyber Security - Supply Chain Risk Management ,North American Electric Reliability Corporation,standard,North America,NERC Critical Infrastructure Protection,2028-07-01,Enforceable after approval or adoption by the applicable regulatory authority,NERC reliability standard in the CIP family addressing cyber security - supply chain risk management .,https://www.nerc.com/standards/reliability-standards/cip/cip-013-3,https://www.nerc.com/globalassets/standards/reliability-standards/cip/cip-013-3.pdf,"NERC page label: Subject to Future Enforcement. Standard document modified November 25, 2025. Public notes: Filing/Order Docket No. RM24-8-000."
NERC-CIP-014-3,CIP-014-3,Physical Security,North American Electric Reliability Corporation,standard,North America,NERC Critical Infrastructure Protection,2022-06-16,Enforceable after approval or adoption by the applicable regulatory authority,NERC reliability standard in the CIP family addressing physical security.,https://www.nerc.com/standards/reliability-standards/cip/cip-014-3,https://www.nerc.com/globalassets/standards/reliability-standards/cip/cip-014-3.pdf,"NERC page label: Mandatory Subject to Enforcement. Standard document modified November 24, 2025. Public notes: Filing/Order Docket No. RD22-3-000."
NERC-CIP-014-4,CIP-014-4,Physical Security,North American Electric Reliability Corporation,standard,North America,NERC Critical Infrastructure Protection,,Enforceable after approval or adoption by the applicable regulatory authority,NERC reliability standard in the CIP family addressing physical security.,https://www.nerc.com/standards/reliability-standards/cip/cip-014-4,https://www.nerc.com/globalassets/standards/reliability-standards/cip/cip-014-4.pdf,"NERC page label: Filed and Pending Regulatory Approval. Standard document modified June 26, 2026."
NERC-CIP-015-1,CIP-015-1,Cyber Security - Internal Network Security Monitoring,North American Electric Reliability Corporation,standard,North America,NERC Critical Infrastructure Protection,2028-10-01,Enforceable after approval or adoption by the applicable regulatory authority,NERC reliability standard in the CIP family addressing cyber security - internal network security monitoring.,https://www.nerc.com/standards/reliability-standards/cip/cip-015-1,https://www.nerc.com/globalassets/standards/reliability-standards/cip/cip-015-1.pdf,"NERC page label: Subject to Future Enforcement. Standard document modified November 24, 2025. Public notes: Filing/Order Docket No. RM24-7-000."
NERC-CIP-015-2,CIP-015-2,Cyber Security - Internal Network Security Monitoring,North American Electric Reliability Corporation,standard,North America,NERC Critical Infrastructure Protection,2029-10-01,Enforceable after approval or adoption by the applicable regulatory authority,NERC reliability standard in the CIP family addressing cyber security - internal network security monitoring.,https://www.nerc.com/standards/reliability-standards/cip/cip-015-2,https://www.nerc.com/globalassets/standards/reliability-standards/cip/cip-015-2.pdf,"NERC page label: Subject to Future Enforcement. Standard document modified June 26, 2026. Public notes: Filing/Order Docket No. RD26-6-000."
NERC-COM,NERC COM,Communications,North American Electric Reliability Corporation,standard_family,North America,NERC Communications,current,Enforceable after approval or adoption by the applicable regulatory authority,NERC COM reliability standards family for communications requirements.,https://www.nerc.com/standards/reliability-standards/com,,Family record generated from the official NERC Reliability Standards page.
NERC-COM-001-3,COM-001-3,Communications,North American Electric Reliability Corporation,standard,North America,NERC Communications,2017-10-01,Enforceable after approval or adoption by the applicable regulatory authority,NERC reliability standard in the COM family addressing communications.,https://www.nerc.com/standards/reliability-standards/com/com-001-3,https://www.nerc.com/globalassets/standards/reliability-standards/com/com-001-3.pdf,"NERC page label: Mandatory Subject to Enforcement. Standard document modified May 19, 2025. Public notes: Filing/Order Docket No. RD16-9-000."
NERC-COM-002-4,COM-002-4,Operating Personnel Communications Protocols,North American Electric Reliability Corporation,standard,North America,NERC Communications,2016-07-01,Enforceable after approval or adoption by the applicable regulatory authority,NERC reliability standard in the COM family addressing operating personnel communications protocols.,https://www.nerc.com/standards/reliability-standards/com/com-002-4,https://www.nerc.com/globalassets/standards/reliability-standards/com/com-002-4.pdf,"NERC page label: Mandatory Subject to Enforcement. Standard document modified June 12, 2025. Public notes: Filing/Order Docket No. RM14-13-000."
NERC-EOP,NERC EOP,Emergency Preparedness and Operations,North American Electric Reliability Corporation,standard_family,North America,NERC Emergency Preparedness and Operations,current,Enforceable after approval or adoption by the applicable regulatory authority,NERC EOP reliability standards family for emergency preparedness and operations requirements.,https://www.nerc.com/standards/reliability-standards/eop,,Family record generated from the official NERC Reliability Standards page.
NERC-EOP-004-4,EOP-004-4,Event Reporting,North American Electric Reliability Corporation,standard,North America,NERC Emergency Preparedness and Operations,2019-04-01,Enforceable after approval or adoption by the applicable regulatory authority,NERC reliability standard in the EOP family addressing event reporting.,https://www.nerc.com/standards/reliability-standards/eop/eop-004-4,https://www.nerc.com/globalassets/standards/reliability-standards/eop/eop-004-4.pdf,"NERC page label: Mandatory Subject to Enforcement. Standard document modified June 12, 2025. Public notes: Filing/Order Docket No. RM17-12-000."
NERC-EOP-004-5,EOP-004-5,Event Reporting,North American Electric Reliability Corporation,standard,North America,NERC Emergency Preparedness and Operations,,Enforceable after approval or adoption by the applicable regulatory authority,NERC reliability standard in the EOP family addressing event reporting.,https://www.nerc.com/standards/reliability-standards/eop/eop-004-5,https://www.nerc.com/globalassets/standards/reliability-standards/eop/eop-004-5.pdf,"NERC page label: Filed and Pending Regulatory Approval. Standard document modified June 26, 2026."
NERC-EOP-005-3,EOP-005-3,System Restoration from Blackstart Resources,North American Electric Reliability Corporation,standard,North America,NERC Emergency Preparedness and Operations,2019-04-01,Enforceable after approval or adoption by the applicable regulatory authority,NERC reliability standard in the EOP family addressing system restoration from blackstart resources.,https://www.nerc.com/standards/reliability-standards/eop/eop-005-3,https://www.nerc.com/globalassets/standards/reliability-standards/eop/eop-005-3.pdf,"NERC page label: Mandatory Subject to Enforcement. Standard document modified June 12, 2025. Public notes: Filing/Order Docket No. RM17-12-000."
NERC-EOP-006-3,EOP-006-3,System Restoration Coordination,North American Electric Reliability Corporation,standard,North America,NERC Emergency Preparedness and Operations,2019-04-01,Enforceable after approval or adoption by the applicable regulatory authority,NERC reliability standard in the EOP family addressing system restoration coordination.,https://www.nerc.com/standards/reliability-standards/eop/eop-006-3,https://www.nerc.com/globalassets/standards/reliability-standards/eop/eop-006-3.pdf,"NERC page label: Mandatory Subject to Enforcement. Standard document modified June 12, 2025. Public notes: Filing/Order Docket No. RM17-12-000."
NERC-EOP-008-2,EOP-008-2,Loss of Control Center Functionality,North American Electric Reliability Corporation,standard,North America,NERC Emergency Preparedness and Operations,2019-04-01,Enforceable after approval or adoption by the applicable regulatory authority,NERC reliability standard in the EOP family addressing loss of control center functionality.,https://www.nerc.com/standards/reliability-standards/eop/eop-008-2,https://www.nerc.com/globalassets/standards/reliability-standards/eop/eop-008-2.pdf,"NERC page label: Mandatory Subject to Enforcement. Standard document modified June 12, 2025. Public notes: Filing/Order Docket No. RM17-12-000."
NERC-EOP-010-1,EOP-010-1,Geomagnetic Disturbance Operations,North American Electric Reliability Corporation,standard,North America,NERC Emergency Preparedness and Operations,2015-04-01,Enforceable after approval or adoption by the applicable regulatory authority,NERC reliability standard in the EOP family addressing geomagnetic disturbance operations.,https://www.nerc.com/standards/reliability-standards/eop/eop-010-1,https://www.nerc.com/globalassets/standards/reliability-standards/eop/eop-010-1.pdf,"NERC page label: Mandatory Subject to Enforcement. Standard document modified June 12, 2025. Public notes: Filing/Order Docket No. RM14-1-000 A FERC order was issued on June 19, 2014, approving EOP-010-1. Requirement 2 of Reliability Standard EOP-010-1 will not become effective until the first day following retirement of Reliability Standard IRO-005-3.1a.."
NERC-EOP-011-4,EOP-011-4,Emergency Operations,North American Electric Reliability Corporation,standard,North America,NERC Emergency Preparedness and Operations,2024-10-01,Enforceable after approval or adoption by the applicable regulatory authority,NERC reliability standard in the EOP family addressing emergency operations.,https://www.nerc.com/standards/reliability-standards/eop/eop-011-4,https://www.nerc.com/globalassets/standards/reliability-standards/eop/eop-011-4.pdf,"NERC page label: Mandatory Subject to Enforcement. Standard document modified June 12, 2025. Public notes: Filing/Order Docket No. RD24-1-000."
NERC-EOP-012-3,EOP-012-3,Extreme Cold Weather Preparedness and Operations,North American Electric Reliability Corporation,standard,North America,NERC Emergency Preparedness and Operations,2025-10-01,Enforceable after approval or adoption by the applicable regulatory authority,NERC reliability standard in the EOP family addressing extreme cold weather preparedness and operations.,https://www.nerc.com/standards/reliability-standards/eop/eop-012-3,https://www.nerc.com/globalassets/standards/approved-standards/eop/eop-012-3.pdf,"NERC page label: Mandatory Subject to Enforcement. Standard document modified June 10, 2025. Public notes: Filing/Order Docket No. RD25-7-000."
NERC-FAC,NERC FAC,"Facilities Design, Connections, and Maintenance",North American Electric Reliability Corporation,standard_family,North America,"NERC Facilities Design, Connections, and Maintenance",current,Enforceable after approval or adoption by the applicable regulatory authority,"NERC FAC reliability standards family for facilities design, connections, and maintenance requirements.",https://www.nerc.com/standards/reliability-standards/fac,,Family record generated from the official NERC Reliability Standards page.
NERC-FAC-001-4,FAC-001-4,Facility Interconnection Requirements,North American Electric Reliability Corporation,standard,North America,"NERC Facilities Design, Connections, and Maintenance",2024-01-01,Enforceable after approval or adoption by the applicable regulatory authority,NERC reliability standard in the FAC family addressing facility interconnection requirements.,https://www.nerc.com/standards/reliability-standards/fac/fac-001-4,https://www.nerc.com/globalassets/standards/reliability-standards/fac/fac-001-4.pdf,"NERC page label: Mandatory Subject to Enforcement. Standard document modified December 9, 2025. Public notes: Filing/Order Docket No. RD22-5-000 See Implementation Plan for additional compliance information."
NERC-FAC-002-4,FAC-002-4,Facility Interconnection Studies,North American Electric Reliability Corporation,standard,North America,"NERC Facilities Design, Connections, and Maintenance",2024-01-01,Enforceable after approval or adoption by the applicable regulatory authority,NERC reliability standard in the FAC family addressing facility interconnection studies.,https://www.nerc.com/standards/reliability-standards/fac/fac-002-4,https://www.nerc.com/globalassets/standards/reliability-standards/fac/fac-002-4.pdf,"NERC page label: Mandatory Subject to Enforcement. Standard document modified December 9, 2025. Public notes: Filing/Order Docket No. RD22-5-000 See Implementation Plan for additional compliance information."
NERC-FAC-003-5,FAC-003-5,Transmission Vegetation Management,North American Electric Reliability Corporation,standard,North America,"NERC Facilities Design, Connections, and Maintenance",2024-04-01,Enforceable after approval or adoption by the applicable regulatory authority,NERC reliability standard in the FAC family addressing transmission vegetation management.,https://www.nerc.com/standards/reliability-standards/fac/fac-003-5,https://www.nerc.com/globalassets/standards/reliability-standards/fac/fac-003-5.pdf,"NERC page label: Mandatory Subject to Enforcement. Standard document modified December 9, 2025. Public notes: Filing/Order Docket No. RD22-2-000."
NERC-FAC-008-5,FAC-008-5,Facility Ratings,North American Electric Reliability Corporation,standard,North America,"NERC Facilities Design, Connections, and Maintenance",2021-10-01,Enforceable after approval or adoption by the applicable regulatory authority,NERC reliability standard in the FAC family addressing facility ratings.,https://www.nerc.com/standards/reliability-standards/fac/fac-008-5,https://www.nerc.com/globalassets/standards/reliability-standards/fac/fac-008-5.pdf,"NERC page label: Mandatory Subject to Enforcement. Standard document modified June 12, 2025. Public notes: Filing/Order Docket No. RD21-4-000."
NERC-FAC-011-4,FAC-011-4,System Operating Limits Methodology for the Operations Horizon ,North American Electric Reliability Corporation,standard,North America,"NERC Facilities Design, Connections, and Maintenance",2024-04-01,Enforceable after approval or adoption by the applicable regulatory authority,NERC reliability standard in the FAC family addressing system operating limits methodology for the operations horizon .,https://www.nerc.com/standards/reliability-standards/fac/fac-011-4,https://www.nerc.com/globalassets/standards/reliability-standards/fac/fac-011-4.pdf,"NERC page label: Mandatory Subject to Enforcement. Standard document modified December 9, 2025. Public notes: Filing/Order Docket No. RD22-2-000."
NERC-FAC-014-3,FAC-014-3,Establish and Communicate System Operating Limits,North American Electric Reliability Corporation,standard,North America,"NERC Facilities Design, Connections, and Maintenance",2024-04-01,Enforceable after approval or adoption by the applicable regulatory authority,NERC reliability standard in the FAC family addressing establish and communicate system operating limits.,https://www.nerc.com/standards/reliability-standards/fac/fac-014-3,https://www.nerc.com/globalassets/standards/reliability-standards/fac/fac-014-3.pdf,"NERC page label: Mandatory Subject to Enforcement. Standard document modified December 9, 2025. Public notes: Filing/Order Docket No. RD22-2-000."
NERC-FAC-501-WECC-4,FAC-501-WECC-4,Transmission Maintenance,North American Electric Reliability Corporation,standard,North America,"NERC Facilities Design, Connections, and Maintenance",2025-01-01,Enforceable after approval or adoption by the applicable regulatory authority,NERC reliability standard in the FAC family addressing transmission maintenance.,https://www.nerc.com/standards/reliability-standards/fac/fac-501-wecc-4,https://www.nerc.com/globalassets/standards/reliability-standards/fac/fac-501-wecc-4.pdf,"NERC page label: Mandatory Subject to Enforcement. Standard document modified November 19, 2025. Public notes: Filing/Order Docket No. RD24-7-000."
NERC-GLOSSARY,NERC Glossary,Glossary of Terms Used in NERC Reliability Standards,North American Electric Reliability Corporation,glossary,North America,Bulk electric system reliability definitions,current,Definitions used in NERC reliability standards and related reliability documents,NERC glossary record for defined terms used by reliability standards and related bulk power system reliability documents.,https://www.nerc.com/glossary-of-terms,,NERC reliability standards page links to the glossary page; direct file URL was not extracted in this pass.
NERC-INT,NERC INT,Interchange Scheduling and Coordination,North American Electric Reliability Corporation,standard_family,North America,NERC Interchange Scheduling and Coordination,current,Enforceable after approval or adoption by the applicable regulatory authority,NERC INT reliability standards family for interchange scheduling and coordination requirements.,https://www.nerc.com/standards/reliability-standards/int,,Family record generated from the official NERC Reliability Standards page.
NERC-INT-006-5,INT-006-5,Evaluation of Interchange Transactions,North American Electric Reliability Corporation,standard,North America,NERC Interchange Scheduling and Coordination,2021-04-01,Enforceable after approval or adoption by the applicable regulatory authority,NERC reliability standard in the INT family addressing evaluation of interchange transactions.,https://www.nerc.com/standards/reliability-standards/int/int-006-5,https://www.nerc.com/globalassets/standards/reliability-standards/int/int-006-5.pdf,"NERC page label: Mandatory Subject to Enforcement. Standard document modified June 12, 2025. Public notes: Filing/Order Docket No. RM19-17-000."
NERC-INT-009-3,INT-009-3,Implementation of Interchange,North American Electric Reliability Corporation,standard,North America,NERC Interchange Scheduling and Coordination,2021-04-01,Enforceable after approval or adoption by the applicable regulatory authority,NERC reliability standard in the INT family addressing implementation of interchange.,https://www.nerc.com/standards/reliability-standards/int/int-009-3,https://www.nerc.com/globalassets/standards/reliability-standards/int/int-009-3.pdf,"NERC page label: Mandatory Subject to Enforcement. Standard document modified December 4, 2025. Public notes: Filing/Order Docket No. RM19-17-000."
NERC-IRO,NERC IRO,Interconnection Reliability Operations and Coordination,North American Electric Reliability Corporation,standard_family,North America,NERC Interconnection Reliability Operations and Coordination,current,Enforceable after approval or adoption by the applicable regulatory authority,NERC IRO reliability standards family for interconnection reliability operations and coordination requirements.,https://www.nerc.com/standards/reliability-standards/iro,,Family record generated from the official NERC Reliability Standards page.
NERC-IRO-001-4,IRO-001-4,Reliability Coordination - Responsibilities,North American Electric Reliability Corporation,standard,North America,NERC Interconnection Reliability Operations and Coordination,2017-04-01,Enforceable after approval or adoption by the applicable regulatory authority,NERC reliability standard in the IRO family addressing reliability coordination - responsibilities.,https://www.nerc.com/standards/reliability-standards/iro/iro-001-4,https://www.nerc.com/globalassets/standards/reliability-standards/iro/iro-001-4.pdf,"NERC page label: Mandatory Subject to Enforcement. Standard document modified June 12, 2025. Public notes: Filing/Order Docket No. RM15-16-000."
NERC-IRO-002-7,IRO-002-7,Reliability Coordination - Monitoring and Analysis,North American Electric Reliability Corporation,standard,North America,NERC Interconnection Reliability Operations and Coordination,2021-04-01,Enforceable after approval or adoption by the applicable regulatory authority,NERC reliability standard in the IRO family addressing reliability coordination - monitoring and analysis.,https://www.nerc.com/standards/reliability-standards/iro/iro-002-7,https://www.nerc.com/globalassets/standards/reliability-standards/iro/iro-002-7.pdf,"NERC page label: Mandatory Subject to Enforcement. Standard document modified December 4, 2025. Public notes: Filing/Order Docket No. RM19-16-000."
NERC-IRO-006-5,IRO-006-5,Reliability Coordination - Transmission Loading Relief (TLR),North American Electric Reliability Corporation,standard,North America,NERC Interconnection Reliability Operations and Coordination,2011-07-01,Enforceable after approval or adoption by the applicable regulatory authority,NERC reliability standard in the IRO family addressing reliability coordination - transmission loading relief (tlr).,https://www.nerc.com/standards/reliability-standards/iro/iro-006-5,https://www.nerc.com/globalassets/standards/reliability-standards/iro/iro-006-5.pdf,"NERC page label: Mandatory Subject to Enforcement. Standard document modified June 12, 2025. Public notes: Filing/Order Docket No. RM06-16-000."
NERC-IRO-006-EAST-2,IRO-006-EAST-2,Transmission Loading Relief Procedure for the Eastern Interconnection,North American Electric Reliability Corporation,standard,North America,NERC Interconnection Reliability Operations and Coordination,2016-04-01,Enforceable after approval or adoption by the applicable regulatory authority,NERC reliability standard in the IRO family addressing transmission loading relief procedure for the eastern interconnection.,https://www.nerc.com/standards/reliability-standards/iro/iro-006-east-2,https://www.nerc.com/globalassets/standards/reliability-standards/iro/iro-006-east-2.pdf,"NERC page label: Mandatory Subject to Enforcement. Standard document modified June 12, 2025. Public notes: Filing/Order Docket No. RD15-7-000."
NERC-IRO-006-WECC-3,IRO-006-WECC-3,Qualified Path Unscheduled Flow (USF) Relief,North American Electric Reliability Corporation,standard,North America,NERC Interconnection Reliability Operations and Coordination,2019-10-01,Enforceable after approval or adoption by the applicable regulatory authority,NERC reliability standard in the IRO family addressing qualified path unscheduled flow (usf) relief.,https://www.nerc.com/standards/reliability-standards/iro/iro-006-wecc-3,https://www.nerc.com/globalassets/standards/reliability-standards/iro/iro-006-wecc-3.pdf,"NERC page label: Mandatory Subject to Enforcement. Standard document modified June 12, 2025. Public notes: Filing/Order Docket No. RD19-4-000."
NERC-IRO-008-3,IRO-008-3,Reliability Coordinator Operational Analyses and Real-time Assessments,North American Electric Reliability Corporation,standard,North America,NERC Interconnection Reliability Operations and Coordination,2024-04-01,Enforceable after approval or adoption by the applicable regulatory authority,NERC reliability standard in the IRO family addressing reliability coordinator operational analyses and real-time assessments.,https://www.nerc.com/standards/reliability-standards/iro/iro-008-3,https://www.nerc.com/globalassets/standards/reliability-standards/iro/iro-008-3.pdf,"NERC page label: Mandatory Subject to Enforcement. Standard document modified December 4, 2025. Public notes: Filing/Order Docket No. RD22-2-000."
NERC-IRO-009-2,IRO-009-2,Reliability Coordinator Actions to Operate Within IROLs,North American Electric Reliability Corporation,standard,North America,NERC Interconnection Reliability Operations and Coordination,2016-01-01,Enforceable after approval or adoption by the applicable regulatory authority,NERC reliability standard in the IRO family addressing reliability coordinator actions to operate within irols.,https://www.nerc.com/standards/reliability-standards/iro/iro-009-2,https://www.nerc.com/globalassets/standards/reliability-standards/iro/iro-009-2.pdf,"NERC page label: Mandatory Subject to Enforcement. Standard document modified June 12, 2025. Public notes: Filing/Order Docket No. RD15-7-000."
NERC-IRO-010-5,IRO-010-5,Reliability Coordinator Data and information Specification and Collection,North American Electric Reliability Corporation,standard,North America,NERC Interconnection Reliability Operations and Coordination,2025-07-01,Enforceable after approval or adoption by the applicable regulatory authority,NERC reliability standard in the IRO family addressing reliability coordinator data and information specification and collection.,https://www.nerc.com/standards/reliability-standards/iro/iro-010-5,https://www.nerc.com/globalassets/standards/reliability-standards/iro/iro-010-5.pdf,"NERC page label: Mandatory Subject to Enforcement. Standard document modified December 4, 2025. Public notes: Filing/Order Docket No. RD23-6-000."
NERC-IRO-010-6,IRO-010-6,Reliability Coordinator Data and Information Specification and Collection,North American Electric Reliability Corporation,standard,North America,NERC Interconnection Reliability Operations and Coordination,2029-04-01,Enforceable after approval or adoption by the applicable regulatory authority,NERC reliability standard in the IRO family addressing reliability coordinator data and information specification and collection.,https://www.nerc.com/standards/reliability-standards/iro/iro-010-6,https://www.nerc.com/globalassets/standards/reliability-standards/iro/iro-010-6.pdf,"NERC page label: Subject to Future Enforcement. Standard document modified December 4, 2025. Public notes: Filing/Order Docket No. RD26-1-000."
NERC-IRO-014-3,IRO-014-3,Coordination Among Reliability Coordinators,North American Electric Reliability Corporation,standard,North America,NERC Interconnection Reliability Operations and Coordination,2017-04-01,Enforceable after approval or adoption by the applicable regulatory authority,NERC reliability standard in the IRO family addressing coordination among reliability coordinators.,https://www.nerc.com/standards/reliability-standards/iro/iro-014-3,https://www.nerc.com/globalassets/standards/reliability-standards/iro/iro-014-3.pdf,"NERC page label: Mandatory Subject to Enforcement. Standard document modified June 12, 2025. Public notes: Filing/Order Docket No. RM15-16-000."
NERC-IRO-017-1,IRO-017-1,Outage Coordination,North American Electric Reliability Corporation,standard,North America,NERC Interconnection Reliability Operations and Coordination,2017-04-01,Enforceable after approval or adoption by the applicable regulatory authority,NERC reliability standard in the IRO family addressing outage coordination.,https://www.nerc.com/standards/reliability-standards/iro/iro-017-1,https://www.nerc.com/globalassets/standards/reliability-standards/iro/iro-017-1.pdf,"NERC page label: Mandatory Subject to Enforcement. Standard document modified June 12, 2025. Public notes: Filing/Order Docket No. RM15-16-000."
NERC-IRO-018-1-I,IRO-018-1(i),Reliability Coordinator Real-time Reliability Monitoring and Analysis Capabilities,North American Electric Reliability Corporation,standard,North America,NERC Interconnection Reliability Operations and Coordination,2018-04-01,Enforceable after approval or adoption by the applicable regulatory authority,NERC reliability standard in the IRO family addressing reliability coordinator real-time reliability monitoring and analysis capabilities.,https://www.nerc.com/standards/reliability-standards/iro/iro-018-1i,https://www.nerc.com/globalassets/standards/reliability-standards/iro/iro-018-1i.pdf,"NERC page label: Mandatory Subject to Enforcement. Standard document modified December 5, 2025. Public notes: Filing/Order Docket No. RD-16-6-000."
NERC-MOD,NERC MOD,"Modeling, Data, and Analysis",North American Electric Reliability Corporation,standard_family,North America,"NERC Modeling, Data, and Analysis",current,Enforceable after approval or adoption by the applicable regulatory authority,"NERC MOD reliability standards family for modeling, data, and analysis requirements.",https://www.nerc.com/standards/reliability-standards/mod,,Family record generated from the official NERC Reliability Standards page.
NERC-MOD-025-2,MOD-025-2,Verification and Data Reporting of Generator Real and Reactive Power Capability and Synchronous Condenser Reactive Power Capability,North American Electric Reliability Corporation,standard,North America,"NERC Modeling, Data, and Analysis",2016-07-01,Enforceable after approval or adoption by the applicable regulatory authority,NERC reliability standard in the MOD family addressing verification and data reporting of generator real and reactive power capability and synchronous condenser reactive power capability.,https://www.nerc.com/standards/reliability-standards/mod/mod-025-2,https://www.nerc.com/globalassets/standards/reliability-standards/mod/mod-025-2.pdf,"NERC page label: Mandatory Subject to Enforcement. Standard document modified June 12, 2025. Public notes: Filing/Order Docket No. RM13-16-000 Please see the Implementation Plan for specific compliance dates and timeframes.."
NERC-MOD-026-2,MOD-026-2,Verification and Validation of Dynamic Models and Data,North American Electric Reliability Corporation,standard,North America,"NERC Modeling, Data, and Analysis",2026-04-01,Enforceable after approval or adoption by the applicable regulatory authority,NERC reliability standard in the MOD family addressing verification and validation of dynamic models and data.,https://www.nerc.com/standards/reliability-standards/mod/mod-026-2,https://www.nerc.com/globalassets/standards/reliability-standards/mod/mod-026-2.pdf,"NERC page label: Mandatory Subject to Enforcement. Standard document modified December 5, 2025. Public notes: Filing/Order Docket No. RD26-3-000 Additional Effective Date Details Requirements R1 and R7 - April 1, 2027 Entities shall not be required to comply with Requirement R1 relating to the jointly developed dynamic model requirements between the Planning Coordinator and Transmission Planner and Requirement R7 relating to the provision of the current (in-use) models until twelve (12) months after the effective date of the Reliability Standard MOD-026-2. Requirements R2, R3, R4, R5, and R6 - April 1, 2029 Entities shall not be required to comply with Requirements R2, R3, R4, R5, and R6 until thirty-six (36) months after the effective date of Reliability Standard MOD-026-2. See the Implementation Plan for additional information on Initial Performance Dates for periodic requirements, newly commissioned and newly applicable facilities, and early compliance.."
NERC-MOD-031-3,MOD-031-3,Demand and Energy Data,North American Electric Reliability Corporation,standard,North America,"NERC Modeling, Data, and Analysis",2021-04-01,Enforceable after approval or adoption by the applicable regulatory authority,NERC reliability standard in the MOD family addressing demand and energy data.,https://www.nerc.com/standards/reliability-standards/mod/mod-031-3,https://www.nerc.com/globalassets/standards/reliability-standards/mod/mod-031-3.pdf,"NERC page label: Mandatory Subject to Enforcement. Standard document modified December 5, 2025. Public notes: Filing/Order Docket No. RD20-4-000."
NERC-MOD-032-1,MOD-032-1,Data for Power System Modeling and Analysis,North American Electric Reliability Corporation,standard,North America,"NERC Modeling, Data, and Analysis",2015-07-01,Enforceable after approval or adoption by the applicable regulatory authority,NERC reliability standard in the MOD family addressing data for power system modeling and analysis.,https://www.nerc.com/standards/reliability-standards/mod/mod-032-1,https://www.nerc.com/globalassets/standards/reliability-standards/mod/mod-032-1.pdf,"NERC page label: Mandatory Subject to Enforcement. Standard document modified June 12, 2025. Public notes: Filing/Order Docket No. RD14-5-000 Please see the implementation plan for specific compliance dates and timeframes.."
NERC-MOD-032-2,MOD-032-2,Data for Power System Modeling and Analysis,North American Electric Reliability Corporation,standard,North America,"NERC Modeling, Data, and Analysis",2028-04-01,Enforceable after approval or adoption by the applicable regulatory authority,NERC reliability standard in the MOD family addressing data for power system modeling and analysis.,https://www.nerc.com/standards/reliability-standards/mod/mod-032-2,https://www.nerc.com/globalassets/standards/reliability-standards/mod/mod-032-2.pdf,"NERC page label: Subject to Future Enforcement. Standard document modified November 17, 2025. Public notes: Filing/Order Docket No. RD26-1-000 Additional Effective Date Details Requirements R2, R3, and R4 - April 1, 2029 Entities shall not be required to comply with Requirements R2, R3, and R4 relating to revised Planning Coordinator and Transmission Planner data requirements and reporting procedures developed under MOD-032-2 Requirement R1 and Attachment 1 until 12 months after the effective date of Reliability Standard MOD-032-2. During the phased-in compliance period, entities shall continue to comply with Requirements R2, R3, and R4 related to Planning Coordinator / Transmission Planner data requirements and reporting procedures developed under MOD-032-1 Requirement R1 and Attachment 1 unless they are compliant with revised Planning Coordinator / Transmission Planner data requirements and reporting procedures under Reliability Standard MOD-032-2 Requirement R1.."
NERC-MOD-033-3,MOD-033-3,Steady-State and Dynamic System Model Validation,North American Electric Reliability Corporation,standard,North America,"NERC Modeling, Data, and Analysis",2026-04-01,Enforceable after approval or adoption by the applicable regulatory authority,NERC reliability standard in the MOD family addressing steady-state and dynamic system model validation.,https://www.nerc.com/standards/reliability-standards/mod/mod-033-3,https://www.nerc.com/globalassets/standards/reliability-standards/mod/mod-033-3.pdf,"NERC page label: Mandatory Subject to Enforcement. Standard document modified November 17, 2025. Public notes: Filing/Order Docket No. RD26-2-000."
NERC-NUC,NERC NUC,Nuclear,North American Electric Reliability Corporation,standard_family,North America,NERC Nuclear,current,Enforceable after approval or adoption by the applicable regulatory authority,NERC NUC reliability standards family for nuclear requirements.,https://www.nerc.com/standards/reliability-standards/nuc,,Family record generated from the official NERC Reliability Standards page.
NERC-NUC-001-4,NUC-001-4,Nuclear Plant Interface Coordination,North American Electric Reliability Corporation,standard,North America,NERC Nuclear,2021-04-01,Enforceable after approval or adoption by the applicable regulatory authority,NERC reliability standard in the NUC family addressing nuclear plant interface coordination.,https://www.nerc.com/standards/reliability-standards/nuc/nuc-001-4,https://www.nerc.com/globalassets/standards/reliability-standards/nuc/nuc-001-4.pdf,"NERC page label: Mandatory Subject to Enforcement. Standard document modified December 8, 2025. Public notes: Filing/Order Docket No. RD20-4-000."
NERC-ONE-STOP-SHOP,NERC One Stop Shop,One Stop Shop,North American Electric Reliability Corporation,index_workbook,North America,Bulk electric system reliability reference,2026-08-22,Reference workbook for standards implementation plans project pages audit worksheets FERC orders and compliance guidance,NERC reference workbook that centralizes links to reliability standards implementation plans project pages audit worksheets FERC orders and compliance guidance.,https://www.nerc.com/standards/reliability-standards,https://www.nerc.com/globalassets/align-reports/one-stop-shop.xlsx,NERC reliability standards page listed this resource as modified August 22 2026.
NERC-PER,NERC PER,"Personnel Performance, Training, and Qualifications",North American Electric Reliability Corporation,standard_family,North America,"NERC Personnel Performance, Training, and Qualifications",current,Enforceable after approval or adoption by the applicable regulatory authority,"NERC PER reliability standards family for personnel performance, training, and qualifications requirements.",https://www.nerc.com/standards/reliability-standards/per,,Family record generated from the official NERC Reliability Standards page.
NERC-PER-003-2,PER-003-2,Operating Personnel Credentials,North American Electric Reliability Corporation,standard,North America,"NERC Personnel Performance, Training, and Qualifications",2019-07-01,Enforceable after approval or adoption by the applicable regulatory authority,NERC reliability standard in the PER family addressing operating personnel credentials.,https://www.nerc.com/standards/reliability-standards/per/per-003-2,https://www.nerc.com/globalassets/standards/reliability-standards/per/per-003-2.pdf,"NERC page label: Mandatory Subject to Enforcement. Standard document modified December 8, 2025. Public notes: Filing/Order Docket No. RM18-16-000."
NERC-PER-005-2,PER-005-2,Operations Personnel Training,North American Electric Reliability Corporation,standard,North America,"NERC Personnel Performance, Training, and Qualifications",2016-07-01,Enforceable after approval or adoption by the applicable regulatory authority,NERC reliability standard in the PER family addressing operations personnel training.,https://www.nerc.com/standards/reliability-standards/per/per-005-2,https://www.nerc.com/globalassets/standards/reliability-standards/per/per-005-2.pdf,"NERC page label: Mandatory Subject to Enforcement. Standard document modified June 12, 2025. Public notes: Filing/Order Docket No. RD14-7-000."
NERC-PER-006-1,PER-006-1,Specific Training for Personnel,North American Electric Reliability Corporation,standard,North America,"NERC Personnel Performance, Training, and Qualifications",2021-04-01,Enforceable after approval or adoption by the applicable regulatory authority,NERC reliability standard in the PER family addressing specific training for personnel.,https://www.nerc.com/standards/reliability-standards/per/per-006-1,https://www.nerc.com/globalassets/standards/reliability-standards/per/per-006-1.pdf,"NERC page label: Mandatory Subject to Enforcement. Standard document modified December 8, 2025. Public notes: Filing/Order Docket No. RM16-22-000."
NERC-PRC,NERC PRC,Protection and Control,North American Electric Reliability Corporation,standard_family,North America,NERC Protection and Control,current,Enforceable after approval or adoption by the applicable regulatory authority,NERC PRC reliability standards family for protection and control requirements.,https://www.nerc.com/standards/reliability-standards/prc,,Family record generated from the official NERC Reliability Standards page.
NERC-PRC-002-5,PRC-002-5,Disturbance Monitoring and Reporting Requirements,North American Electric Reliability Corporation,standard,North America,NERC Protection and Control,2025-04-01,Enforceable after approval or adoption by the applicable regulatory authority,NERC reliability standard in the PRC family addressing disturbance monitoring and reporting requirements.,https://www.nerc.com/standards/reliability-standards/prc/prc-002-5,https://www.nerc.com/globalassets/standards/reliability-standards/prc/prc-002-5.pdf,"NERC page label: Mandatory Subject to Enforcement. Standard document modified December 8, 2025. Public notes: Filing/Order Docket No. RD25-2-000."
NERC-PRC-004-6,PRC-004-6,Protection System Misoperation Identification and Correction,North American Electric Reliability Corporation,standard,North America,NERC Protection and Control,2021-04-01,Enforceable after approval or adoption by the applicable regulatory authority,NERC reliability standard in the PRC family addressing protection system misoperation identification and correction.,https://www.nerc.com/standards/reliability-standards/prc/prc-004-6,https://www.nerc.com/globalassets/standards/reliability-standards/prc/prc-004-6.pdf,"NERC page label: Mandatory Subject to Enforcement. Standard document modified June 12, 2025. Public notes: Filing/Order Docket No. RM19-17-000."
NERC-PRC-005-6,PRC-005-6,"Protection System, Automatic Reclosing, and Sudden Pressure Relaying  Maintenance",North American Electric Reliability Corporation,standard,North America,NERC Protection and Control,2016-01-01,Enforceable after approval or adoption by the applicable regulatory authority,"NERC reliability standard in the PRC family addressing protection system, automatic reclosing, and sudden pressure relaying  maintenance.",https://www.nerc.com/standards/reliability-standards/prc/prc-005-6,https://www.nerc.com/globalassets/standards/reliability-standards/prc/prc-005-6.pdf,"NERC page label: Mandatory Subject to Enforcement. Standard document modified June 12, 2025. Public notes: Filing/Order Docket No. RD16-2-000 Due to the complex compliance requirements, please refer to the implementation plan for the phased-in details.."
NERC-PRC-006-5,PRC-006-5,Automatic Underfrequency Load Shedding,North American Electric Reliability Corporation,standard,North America,NERC Protection and Control,2021-04-01,Enforceable after approval or adoption by the applicable regulatory authority,NERC reliability standard in the PRC family addressing automatic underfrequency load shedding.,https://www.nerc.com/standards/reliability-standards/prc/prc-006-5,https://www.nerc.com/globalassets/standards/reliability-standards/prc/prc-006-5.pdf,"NERC page label: Mandatory Subject to Enforcement. Standard document modified June 12, 2025. Public notes: Filing/Order Docket No. RD21-1-000."
NERC-PRC-006-NPCC-2,PRC-006-NPCC-2,Automatic Underfrequency Load Shedding,North American Electric Reliability Corporation,standard,North America,NERC Protection and Control,2020-04-01,Enforceable after approval or adoption by the applicable regulatory authority,NERC reliability standard in the PRC family addressing automatic underfrequency load shedding.,https://www.nerc.com/standards/reliability-standards/prc/prc-006-npcc-2,https://www.nerc.com/globalassets/standards/reliability-standards/prc/prc-006-npcc-2.pdf,"NERC page label: Mandatory Subject to Enforcement. Standard document modified June 12, 2025. Public notes: Filing/Order Docket No. RD20-1-000."
NERC-PRC-006-SERC-03,PRC-006-SERC-03,Automatic Underfrequency Load Shedding Requirements,North American Electric Reliability Corporation,standard,North America,NERC Protection and Control,2022-04-01,Enforceable after approval or adoption by the applicable regulatory authority,NERC reliability standard in the PRC family addressing automatic underfrequency load shedding requirements.,https://www.nerc.com/standards/reliability-standards/prc/prc-006-serc-03,https://www.nerc.com/globalassets/standards/approved-standards/prc/prc-006-serc-03.pdf,"NERC page label: Mandatory Subject to Enforcement. Standard document modified June 10, 2025. Public notes: Filing/Order Docket No. RD22-1-000."
NERC-PRC-008-0,PRC-008-0,Implementation and Documentation of Underfrequency Load Shedding Equipment Maintenance Program,North American Electric Reliability Corporation,standard,North America,NERC Protection and Control,2007-06-18,Enforceable after approval or adoption by the applicable regulatory authority,NERC reliability standard in the PRC family addressing implementation and documentation of underfrequency load shedding equipment maintenance program.,https://www.nerc.com/standards/reliability-standards/prc/prc-008-0,https://www.nerc.com/globalassets/standards/reliability-standards/prc/prc-008-0.pdf,"NERC page label: Mandatory Subject to Enforcement. Standard document modified June 12, 2025. Public notes: Filing/Order Docket No. RM06-16-000."
NERC-PRC-010-2,PRC-010-2,Undervoltage Load Shedding,North American Electric Reliability Corporation,standard,North America,NERC Protection and Control,2017-04-02,Enforceable after approval or adoption by the applicable regulatory authority,NERC reliability standard in the PRC family addressing undervoltage load shedding.,https://www.nerc.com/standards/reliability-standards/prc/prc-010-2,https://www.nerc.com/globalassets/standards/reliability-standards/prc/prc-010-2.pdf,"NERC page label: Mandatory Subject to Enforcement. Standard document modified June 12, 2025. Public notes: Filing/Order Docket No. RD15-5-000."
NERC-PRC-011-0,PRC-011-0,Undervoltage Load Shedding System Maintenance and Testing,North American Electric Reliability Corporation,standard,North America,NERC Protection and Control,2007-06-18,Enforceable after approval or adoption by the applicable regulatory authority,NERC reliability standard in the PRC family addressing undervoltage load shedding system maintenance and testing.,https://www.nerc.com/standards/reliability-standards/prc/prc-011-0,https://www.nerc.com/globalassets/standards/reliability-standards/prc/prc-011-0.pdf,"NERC page label: Mandatory Subject to Enforcement. Standard document modified June 12, 2025. Public notes: Filing/Order Docket No. RM06-16-000."
NERC-PRC-012-2,PRC-012-2,Remedial Action Schemes,North American Electric Reliability Corporation,standard,North America,NERC Protection and Control,2021-01-01,Enforceable after approval or adoption by the applicable regulatory authority,NERC reliability standard in the PRC family addressing remedial action schemes.,https://www.nerc.com/standards/reliability-standards/prc/prc-012-2,https://www.nerc.com/globalassets/standards/reliability-standards/prc/prc-012-2.pdf,"NERC page label: Mandatory Subject to Enforcement. Standard document modified June 12, 2025. Public notes: Filing/Order Docket No. RM16-20-000."
NERC-PRC-017-1,PRC-017-1,Remedial Action Scheme Maintenance and Testing,North American Electric Reliability Corporation,standard,North America,NERC Protection and Control,2017-04-01,Enforceable after approval or adoption by the applicable regulatory authority,NERC reliability standard in the PRC family addressing remedial action scheme maintenance and testing.,https://www.nerc.com/standards/reliability-standards/prc/prc-017-1,https://www.nerc.com/globalassets/standards/reliability-standards/prc/prc-017-1.pdf,"NERC page label: Mandatory Subject to Enforcement. Standard document modified June 12, 2025. Public notes: Filing/Order Docket No. RM15-13-000."
NERC-PRC-019-2,PRC-019-2,"Coordination of Generating Unit or Plant Capabilities, Voltage Regulating Controls, and Protection",North American Electric Reliability Corporation,standard,North America,NERC Protection and Control,2016-07-01,Enforceable after approval or adoption by the applicable regulatory authority,"NERC reliability standard in the PRC family addressing coordination of generating unit or plant capabilities, voltage regulating controls, and protection.",https://www.nerc.com/standards/reliability-standards/prc/prc-019-2,https://www.nerc.com/globalassets/standards/reliability-standards/prc/prc-019-2.pdf,"NERC page label: Mandatory Subject to Enforcement. Standard document modified June 12, 2025. Public notes: Filing/Order Docket No. RD15-3-000 Please see the Implementation Plan for Version 1 for specific compliance dates and timeframes.."
NERC-PRC-023-6,PRC-023-6,Transmission Relay Loadability,North American Electric Reliability Corporation,standard,North America,NERC Protection and Control,2024-04-01,Enforceable after approval or adoption by the applicable regulatory authority,NERC reliability standard in the PRC family addressing transmission relay loadability.,https://www.nerc.com/standards/reliability-standards/prc/prc-023-6,https://www.nerc.com/globalassets/standards/reliability-standards/prc/prc-023-6.pdf,"NERC page label: Mandatory Subject to Enforcement. Standard document modified June 12, 2025. Public notes: Filing/Order Docket No. RD23-5-000."
NERC-PRC-024-3,PRC-024-3,Frequency and Voltage Protection Settings for Generating Resources,North American Electric Reliability Corporation,standard,North America,NERC Protection and Control,2022-10-01,Enforceable after approval or adoption by the applicable regulatory authority,NERC reliability standard in the PRC family addressing frequency and voltage protection settings for generating resources.,https://www.nerc.com/standards/reliability-standards/prc/prc-024-3,https://www.nerc.com/globalassets/standards/reliability-standards/prc/prc-024-3.pdf,"NERC page label: Mandatory Subject to Enforcement. Standard document modified June 12, 2025. Public notes: Filing/Order Docket No. RD20-7-000."
NERC-PRC-024-4,PRC-024-4,"Frequency and Voltage Protection Settings for Synchronous Generators, Type 1 and Type  2 Wind Resources, and Synchronous Condensers",North American Electric Reliability Corporation,standard,North America,NERC Protection and Control,2026-10-01,Enforceable after approval or adoption by the applicable regulatory authority,"NERC reliability standard in the PRC family addressing frequency and voltage protection settings for synchronous generators, type 1 and type  2 wind resources, and synchronous condensers.",https://www.nerc.com/standards/reliability-standards/prc/prc-024-4,https://www.nerc.com/globalassets/standards/reliability-standards/prc/prc-024-4.pdf,"NERC page label: Subject to Future Enforcement. Standard document modified January 15, 2026. Public notes: Docket No. RM25-3-000 See Implementation Plan for more information on effective/compliance dates."
NERC-PRC-025-2,PRC-025-2,Generator Relay Loadability,North American Electric Reliability Corporation,standard,North America,NERC Protection and Control,2018-07-01,Enforceable after approval or adoption by the applicable regulatory authority,NERC reliability standard in the PRC family addressing generator relay loadability.,https://www.nerc.com/standards/reliability-standards/prc/prc-025-2,https://www.nerc.com/globalassets/standards/reliability-standards/prc/prc-025-2.pdf,"NERC page label: Mandatory Subject to Enforcement. Standard document modified June 12, 2025. Public notes: Filing/Order Docket No. RD18-4-000."
NERC-PRC-026-2,PRC-026-2,Relay Performance During Stable Power Swings,North American Electric Reliability Corporation,standard,North America,NERC Protection and Control,2024-04-01,Enforceable after approval or adoption by the applicable regulatory authority,NERC reliability standard in the PRC family addressing relay performance during stable power swings.,https://www.nerc.com/standards/reliability-standards/prc/prc-026-2,https://www.nerc.com/globalassets/standards/reliability-standards/prc/prc-026-2.pdf,"NERC page label: Mandatory Subject to Enforcement. Standard document modified February 10, 2026. Public notes: Filing/Order Docket No. RD22-2-000."
NERC-PRC-027-1,PRC-027-1,Coordination of Protection Systems for Performance During Faults,North American Electric Reliability Corporation,standard,North America,NERC Protection and Control,2021-04-01,Enforceable after approval or adoption by the applicable regulatory authority,NERC reliability standard in the PRC family addressing coordination of protection systems for performance during faults.,https://www.nerc.com/standards/reliability-standards/prc/prc-027-1,https://www.nerc.com/globalassets/standards/reliability-standards/prc/prc-027-1.pdf,"NERC page label: Mandatory Subject to Enforcement. Standard document modified June 12, 2025. Public notes: Filing/Order Docket No. RM16-22-000."
NERC-PRC-028-1,PRC-028-1,Disturbance Monitoring and Reporting Requirements for Inverter-Based Resources,North American Electric Reliability Corporation,standard,North America,NERC Protection and Control,2025-04-01,Enforceable after approval or adoption by the applicable regulatory authority,NERC reliability standard in the PRC family addressing disturbance monitoring and reporting requirements for inverter-based resources.,https://www.nerc.com/standards/reliability-standards/prc/prc-028-1,https://www.nerc.com/globalassets/standards/reliability-standards/prc/prc-028-1.pdf,"NERC page label: Mandatory Subject to Enforcement. Standard document modified December 8, 2025. Public notes: Filing/Order Docket No. RD25-2-000."
NERC-PRC-029-1,PRC-029-1,Frequency and Voltage Ride-through Requirements for Inverter-based Resources,North American Electric Reliability Corporation,standard,North America,NERC Protection and Control,2026-10-01,Enforceable after approval or adoption by the applicable regulatory authority,NERC reliability standard in the PRC family addressing frequency and voltage ride-through requirements for inverter-based resources.,https://www.nerc.com/standards/reliability-standards/prc/prc-029-1,https://www.nerc.com/globalassets/standards/reliability-standards/prc/prc-029-1.pdf,"NERC page label: Subject to Future Enforcement. Standard document modified August 18, 2026. Public notes: Docket No. RM25-3-000 See Implementation Plan for more information on effective/compliance dates."
NERC-PRC-029-2,PRC-029-2,Frequency and Voltage Ride-through Requirements for Inverter-Based Resources,North American Electric Reliability Corporation,standard,North America,NERC Protection and Control,,Enforceable after approval or adoption by the applicable regulatory authority,NERC reliability standard in the PRC family addressing frequency and voltage ride-through requirements for inverter-based resources.,https://www.nerc.com/standards/reliability-standards/prc/prc-029-2,https://www.nerc.com/globalassets/standards/reliability-standards/prc/prc-029-2.pdf,"NERC page label: Pending Regulatory Filing. Standard document modified August 20, 2026."
NERC-PRC-030-1,PRC-030-1,Unexpected Inverter-Based Resource Event Mitigation,North American Electric Reliability Corporation,standard,North America,NERC Protection and Control,2026-10-01,Enforceable after approval or adoption by the applicable regulatory authority,NERC reliability standard in the PRC family addressing unexpected inverter-based resource event mitigation.,https://www.nerc.com/standards/reliability-standards/prc/prc-030-1,https://www.nerc.com/globalassets/standards/reliability-standards/prc/prc-030-1.pdf,"NERC page label: Subject to Future Enforcement. Standard document modified June 10, 2025. Public notes: Filing/Order Docket No. RD25-3-000 See Implementation Plan for more effective/compliance date information."
NERC-RELIABILITY-STANDARDS,NERC Reliability Standards,Reliability Standards,North American Electric Reliability Corporation,standard_family,North America,Bulk electric system reliability,current,Enforceable after approval or adoption by the applicable regulatory authority,NERC reliability standards for planning and operating the North American bulk power system across resource balancing cyber security communications emergency operations facilities operations planning protection transmission and voltage control families.,https://www.nerc.com/standards/reliability-standards,https://www.nerc.com/globalassets/standards/reliability-standards/rscompleteset.pdf,Collection record; individual standards are listed separately in this file.
NERC-TOP,NERC TOP,Transmission Operations,North American Electric Reliability Corporation,standard_family,North America,NERC Transmission Operations,current,Enforceable after approval or adoption by the applicable regulatory authority,NERC TOP reliability standards family for transmission operations requirements.,https://www.nerc.com/standards/reliability-standards/top,,Family record generated from the official NERC Reliability Standards page.
NERC-TOP-001-6,TOP-001-6,Transmission Operations,North American Electric Reliability Corporation,standard,North America,NERC Transmission Operations,2024-04-01,Enforceable after approval or adoption by the applicable regulatory authority,NERC reliability standard in the TOP family addressing transmission operations.,https://www.nerc.com/standards/reliability-standards/top/top-001-6,https://www.nerc.com/globalassets/standards/reliability-standards/top/top-001-6.pdf,"NERC page label: Mandatory Subject to Enforcement. Standard document modified June 12, 2025. Public notes: Filing/Order Docket No. RD22-2-000."
NERC-TOP-002-5,TOP-002-5,Operations Planning,North American Electric Reliability Corporation,standard,North America,NERC Transmission Operations,2025-10-01,Enforceable after approval or adoption by the applicable regulatory authority,NERC reliability standard in the TOP family addressing operations planning.,https://www.nerc.com/standards/reliability-standards/top/top-002-5,https://www.nerc.com/globalassets/standards/reliability-standards/top/top-002-5.pdf,"NERC page label: Mandatory Subject to Enforcement. Standard document modified August 11, 2026. Public notes: Filing/Order Docket No. RD24-1-000."
NERC-TOP-003-6-1,TOP-003-6.1,Transmission Operator and Balancing Authority Data and Information  Specification and Collection,North American Electric Reliability Corporation,standard,North America,NERC Transmission Operations,2025-07-01,Enforceable after approval or adoption by the applicable regulatory authority,NERC reliability standard in the TOP family addressing transmission operator and balancing authority data and information  specification and collection.,https://www.nerc.com/standards/reliability-standards/top/top-003-6.1,https://www.nerc.com/globalassets/standards/reliability-standards/top/top-003-6.1.pdf,"NERC page label: Mandatory Subject to Enforcement. Standard document modified August 11, 2026. Public notes: Filing/Order Docket No. RD23-6-000."
NERC-TOP-003-7,TOP-003-7,Transmission Operator and Balancing Authority Data and Information Specification and Collection,North American Electric Reliability Corporation,standard,North America,NERC Transmission Operations,2026-10-01,Enforceable after approval or adoption by the applicable regulatory authority,NERC reliability standard in the TOP family addressing transmission operator and balancing authority data and information specification and collection.,https://www.nerc.com/standards/reliability-standards/top/top-003-7,https://www.nerc.com/globalassets/standards/reliability-standards/top/top-003-7.pdf,"NERC page label: Subject to Future Enforcement. Standard document modified July 1, 2025. Public notes: Filing/Order Docket No. RD25-5-000."
NERC-TOP-003-8,TOP-003-8,Transmission Operator and Balancing Authority Data and Information Specification and Collection,North American Electric Reliability Corporation,standard,North America,NERC Transmission Operations,2029-04-01,Enforceable after approval or adoption by the applicable regulatory authority,NERC reliability standard in the TOP family addressing transmission operator and balancing authority data and information specification and collection.,https://www.nerc.com/standards/reliability-standards/top/top-003-8,https://www.nerc.com/globalassets/standards/reliability-standards/top/top-003-8.pdf,"NERC page label: Subject to Future Enforcement. Standard document modified November 17, 2025. Public notes: Filing/Order Docket No. RD26-1-000."
NERC-TOP-010-1-I,TOP-010-1(i),Real-time Reliability Monitoring and Analysis Capabilities,North American Electric Reliability Corporation,standard,North America,NERC Transmission Operations,2018-04-01,Enforceable after approval or adoption by the applicable regulatory authority,NERC reliability standard in the TOP family addressing real-time reliability monitoring and analysis capabilities.,https://www.nerc.com/standards/reliability-standards/top/top-010-1i,https://www.nerc.com/globalassets/standards/reliability-standards/top/top-010-1i.pdf,"NERC page label: Mandatory Subject to Enforcement. Standard document modified June 12, 2025. Public notes: Filing/Order Docket No. RD-16-6-000."
NERC-TPL,NERC TPL,Transmission Planning,North American Electric Reliability Corporation,standard_family,North America,NERC Transmission Planning,current,Enforceable after approval or adoption by the applicable regulatory authority,NERC TPL reliability standards family for transmission planning requirements.,https://www.nerc.com/standards/reliability-standards/tpl,,Family record generated from the official NERC Reliability Standards page.
NERC-TPL-001-5-1,TPL-001-5.1,Transmission System Planning Performance Requirements,North American Electric Reliability Corporation,standard,North America,NERC Transmission Planning,2023-07-01,Enforceable after approval or adoption by the applicable regulatory authority,NERC reliability standard in the TPL family addressing transmission system planning performance requirements.,https://www.nerc.com/standards/reliability-standards/tpl/tpl-001-5.1,https://www.nerc.com/globalassets/standards/reliability-standards/tpl/tpl-001-5.1.pdf,"NERC page label: Mandatory Subject to Enforcement. Standard document modified June 12, 2025. Public notes: Filing/Order Docket No. RD20-8-000."
NERC-TPL-007-4,TPL-007-4,Transmission System Planned Performance for Geomagnetic Disturbance Events,North American Electric Reliability Corporation,standard,North America,NERC Transmission Planning,2020-10-01,Enforceable after approval or adoption by the applicable regulatory authority,NERC reliability standard in the TPL family addressing transmission system planned performance for geomagnetic disturbance events.,https://www.nerc.com/standards/reliability-standards/tpl/tpl-007-4,https://www.nerc.com/globalassets/standards/reliability-standards/tpl/tpl-007-4.pdf,"NERC page label: Mandatory Subject to Enforcement. Standard document modified June 21, 2025. Public notes: Filing/Order Docket No. RD20-3-000 This Variance shall be applicable in those Canadian jurisdictions where the Variance has been approved for use by the applicable governmental authority or has otherwise become effective in the jurisdiction.."
NERC-TPL-008-1,TPL-008-1,Transmission System Planning Performance Requirements for Extreme Temperature Events,North American Electric Reliability Corporation,standard,North America,NERC Transmission Planning,2026-04-01,Enforceable after approval or adoption by the applicable regulatory authority,NERC reliability standard in the TPL family addressing transmission system planning performance requirements for extreme temperature events.,https://www.nerc.com/standards/reliability-standards/tpl/tpl-008-1,https://www.nerc.com/globalassets/standards/reliability-standards/tpl/tpl-008-1.pdf,"NERC page label: Mandatory Subject to Enforcement. Standard document modified June 24, 2026. Public notes: Filing/Order Docket No. RD25-4-000 See the bottom of the TPL-008-1 Reliability Standards page for related documents."
NERC-US-EFFECTIVE-DATE-STATUS,NERC US Effective Date Status,US Effective Date Status - Functional Applicability,North American Electric Reliability Corporation,index_workbook,United States,Bulk electric system reliability applicability,2026-08-22,Reference workbook for United States reliability standard effective dates and functional applicability,NERC workbook for United States reliability standard effective-date status and functional applicability metadata.,https://www.nerc.com/standards/reliability-standards,https://www.nerc.com/globalassets/align-reports/us-effective-date-status---functional-applicability.xlsx,NERC reliability standards page listed this resource as modified August 22 2026.
NERC-VAR,NERC VAR,Voltage and Reactive,North American Electric Reliability Corporation,standard_family,North America,NERC Voltage and Reactive,current,Enforceable after approval or adoption by the applicable regulatory authority,NERC VAR reliability standards family for voltage and reactive requirements.,https://www.nerc.com/standards/reliability-standards/var,,Family record generated from the official NERC Reliability Standards page.
NERC-VAR-001-5,VAR-001-5,Voltage and Reactive Control,North American Electric Reliability Corporation,standard,North America,NERC Voltage and Reactive,2019-01-01,Enforceable after approval or adoption by the applicable regulatory authority,NERC reliability standard in the VAR family addressing voltage and reactive control.,https://www.nerc.com/standards/reliability-standards/var/var-001-5,https://www.nerc.com/globalassets/standards/reliability-standards/var/var-001-5.pdf,"NERC page label: Mandatory Subject to Enforcement. Standard document modified June 12, 2025. Public notes: Filing/Order Docket No. RD18-8-000."
NERC-VAR-002-4-1,VAR-002-4.1,Generator Operation for Maintaining Network Voltage Schedules,North American Electric Reliability Corporation,standard,North America,NERC Voltage and Reactive,2017-09-26,Enforceable after approval or adoption by the applicable regulatory authority,NERC reliability standard in the VAR family addressing generator operation for maintaining network voltage schedules.,https://www.nerc.com/standards/reliability-standards/var/var-002-4.1,https://www.nerc.com/globalassets/standards/reliability-standards/var/var-002-4.1.pdf,"NERC page label: Mandatory Subject to Enforcement. Standard document modified June 12, 2025. Public notes: Filing/Order Docket No. RD17-7-000."
NERC-VAR-501-WECC-4,VAR-501-WECC-4,Power System Stabilizer (PSS),North American Electric Reliability Corporation,standard,North America,NERC Voltage and Reactive,2024-04-01,Enforceable after approval or adoption by the applicable regulatory authority,NERC reliability standard in the VAR family addressing power system stabilizer (pss).,https://www.nerc.com/standards/reliability-standards/var/var-501-wecc-4,https://www.nerc.com/globalassets/standards/reliability-standards/var/var-501-wecc-4.pdf,"NERC page label: Mandatory Subject to Enforcement. Standard document modified May 19, 2025. Public notes: Filing/Order Docket No. RD24-2-000."
NERC-VRF-VSL-MATRIX,NERC VRF VSL Matrix,Combined VRF VSL Matrix,North American Electric Reliability Corporation,index_workbook,North America,Bulk electric system reliability compliance,2026-08-22,Reference workbook for violation risk factors and violation severity levels,NERC workbook combining violation risk factor and violation severity level information for reliability standards.,https://www.nerc.com/standards/reliability-standards,https://www.nerc.com/globalassets/align-reports/combined-vrf-vsl-matrix.xlsx,NERC reliability standards page listed this resource as modified August 22 2026.
