standard_id,designation,title,publisher,record_type,country_scope,primary_category,latest_known_edition,applicability,summary,official_url,notes
NFPA-70,NFPA 70,National Electrical Code,NFPA,code,United States,Electrical installation code,2026,"Adopted by states and local authorities with amendments","Public metadata record for the U.S. benchmark electrical installation code.",https://www.nfpa.org/codes-and-standards/nfpa-70-standard-development/70,Track state and local adoption separately.
NFPA-70B,NFPA 70B,Standard for Electrical Equipment Maintenance,NFPA,standard,United States and Canada,Electrical equipment maintenance,2026,"Referenced for inspection, testing, and maintenance programs for electrical equipment","Public metadata record for electrical equipment maintenance programs and reliability-oriented maintenance planning.",https://www.nfpa.org/codes-and-standards/nfpa-70b-standard-development/70b,Older editions were published as a recommended practice; verify edition-specific document type during file-level audit.
NFPA-70E,NFPA 70E,Standard for Electrical Safety in the Workplace,NFPA,standard,United States and Canada,Workplace electrical safety,2027,"Used for employer electrical safety programs and OSHA-aligned work practices","Public metadata record for electrical safety-related work practices, maintenance, and special equipment.",https://www.nfpa.org/codes-and-standards/nfpa-70e-standard-development/70e,Do not copy article text; store metadata and applicability notes only.
NFPA-72,NFPA 72,National Fire Alarm and Signaling Code,NFPA,code,United States and Canada,Fire alarm and signaling,2025,"Referenced for fire alarm, signaling, emergency communications, and detection systems","Public metadata record for electrically connected fire alarm and signaling system requirements.",https://www.nfpa.org/codes-and-standards/nfpa-72-standard-development/72,Included because alarm and signaling systems are electrical/low-voltage life-safety systems.
NFPA-73,NFPA 73,Standard for Electrical Inspections for Existing Dwellings,NFPA,standard,United States and Canada,Electrical inspection and safety,2026,"Referenced for electrical safety inspections in existing dwellings","Public metadata record for dwelling electrical inspection guidance and safety evaluation.",https://www.nfpa.org/codes-and-standards/nfpa-73-standard-development/73,Not currently present in the local Drive folder at the time of review.
NFPA-75,NFPA 75,Standard for the Fire Protection of Information Technology Equipment,NFPA,standard,United States and Canada,Information and telecommunications facility protection,2024,"Referenced for fire protection of IT equipment rooms and related facilities","Public metadata record for IT equipment fire protection where electrical and electronic equipment concentration is a major risk driver.",https://www.nfpa.org/codes-and-standards/nfpa-75-standard-development/75,Included as electrical-adjacent because it addresses protected spaces for IT/electronic equipment.
NFPA-76,NFPA 76,Standard for the Fire Protection of Telecommunications Facilities,NFPA,standard,United States and Canada,Information and telecommunications facility protection,2024,"Referenced for telecommunications facility fire protection","Public metadata record for telecommunications facility fire protection and continuity planning.",https://www.nfpa.org/codes-and-standards/nfpa-76-standard-development/76,Included as electrical-adjacent because it addresses telecom/electronic infrastructure.
NFPA-77,NFPA 77,Recommended Practice on Static Electricity,NFPA,recommended_practice,United States and Canada,Static electricity and bonding,2024,"Referenced for static electricity hazard assessment, bonding, grounding, and control measures","Public metadata record for static electricity hazards in industrial and process environments.",https://www.nfpa.org/codes-and-standards/nfpa-77-standard-development/77,Not currently present in the local Drive folder at the time of review.
NFPA-78,NFPA 78,Guide on Electrical Inspections,NFPA,guide,United States and Canada,Electrical inspection and safety,R2028,"Referenced as guidance for electrical inspections","Public metadata record for electrical inspection guidance.",https://www.nfpa.org/codes-and-standards/nfpa-78-standard-development/78,Latest known listing uses reconfirmation-style edition notation.
NFPA-79,NFPA 79,Electrical Standard for Industrial Machinery,NFPA,standard,United States and Canada,Industrial electrical systems,2024,"Referenced for industrial machinery electrical equipment and safety interfaces","Public metadata record for electrical systems associated with industrial machinery.",https://www.nfpa.org/codes-and-standards/nfpa-79-standard-development/79,Private PDF inventory and Drive links are intentionally excluded.
NFPA-110,NFPA 110,Standard for Emergency and Standby Power Systems,NFPA,standard,United States and Canada,Emergency and standby power,2025,"Referenced for emergency and standby power system classification, installation, testing, and maintenance","Public metadata record for emergency and standby power system references.",https://www.nfpa.org/codes-and-standards/nfpa-110-standard-development/110,Included because emergency power systems are core electrical/power infrastructure.
NFPA-111,NFPA 111,Standard on Stored Electrical Energy Emergency and Standby Power Systems,NFPA,standard,United States and Canada,Emergency and standby power,2025,"Referenced for stored-energy emergency and standby power systems","Public metadata record for stored electrical energy emergency and standby power references.",https://www.nfpa.org/codes-and-standards/nfpa-111-standard-development/111,Included because it directly addresses stored electrical energy systems.
NFPA-496,NFPA 496,Standard for Purged and Pressurized Enclosures for Electrical Equipment,NFPA,standard,United States and Canada,Hazardous classified locations,2027,"Referenced for electrical equipment enclosures in hazardous classified locations","Public metadata record for purged and pressurized electrical equipment enclosure references.",https://www.nfpa.org/codes-and-standards/nfpa-496-standard-development/496,Private PDF inventory and Drive links are intentionally excluded.
NFPA-497,NFPA 497,"Recommended Practice for the Classification of Flammable Liquids, Gases, or Vapors and of Hazardous (Classified) Locations for Electrical Installations in Chemical Process Areas",NFPA,recommended_practice,United States and Canada,Hazardous classified locations,2027,"Referenced for classifying hazardous locations for electrical installations in chemical process areas","Public metadata record for hazardous location classification involving flammable liquids, gases, and vapors.",https://www.nfpa.org/codes-and-standards/nfpa-497-standard-development/497,Private PDF inventory and Drive links are intentionally excluded.
NFPA-499,NFPA 499,Recommended Practice for the Classification of Combustible Dusts and of Hazardous (Classified) Locations for Electrical Installations in Chemical Process Areas,NFPA,recommended_practice,United States and Canada,Hazardous classified locations,2027,"Referenced for combustible dust classification and hazardous location review","Public metadata record for hazardous location classification involving combustible dusts.",https://www.nfpa.org/codes-and-standards/nfpa-499-standard-development/499,Private PDF inventory and Drive links are intentionally excluded.
NFPA-715,NFPA 715,Standard for the Installation of Fuel Gases Detection and Warning Equipment,NFPA,standard,United States and Canada,Detection and warning systems,2026,"Referenced for fuel gas detection and warning equipment installation","Public metadata record for electrically connected fuel-gas detection and warning systems.",https://www.nfpa.org/codes-and-standards/nfpa-715-standard-development/715,Not currently present in the local Drive folder at the time of review.
NFPA-720,NFPA 720,Standard for the Installation of Carbon Monoxide (CO) Detection and Warning Equipment,NFPA,standard,United States and Canada,Detection and warning systems,2015,"Legacy reference for carbon monoxide detection and warning equipment","Public metadata record for CO detection and warning equipment installation history.",https://www.nfpa.org/codes-and-standards/nfpa-720-standard-development/720,Legacy record; confirm current replacement path before using for new work.
NFPA-731,NFPA 731,Standard for the Installation of Premises Security Systems,NFPA,standard,United States and Canada,Security and low-voltage systems,2026,"Referenced for premises security system installation","Public metadata record for electrically connected premises security systems.",https://www.nfpa.org/codes-and-standards/nfpa-731-standard-development/731,Not currently present in the local Drive folder at the time of review.
NFPA-780,NFPA 780,Standard for the Installation of Lightning Protection Systems,NFPA,standard,United States and Canada,Lightning protection,2026,"Referenced for lightning protection system design, installation, inspection, and maintenance","Public metadata record for lightning protection system references.",https://www.nfpa.org/codes-and-standards/nfpa-780-standard-development/780,Private PDF inventory and Drive links are intentionally excluded.
NFPA-790,NFPA 790,Standard for Competency of Third-Party Field Evaluation Bodies,NFPA,standard,United States and Canada,Electrical equipment evaluation,R2024,"Referenced for competency of organizations performing field evaluations","Public metadata record for field evaluation body competency, commonly paired with unlabeled electrical equipment evaluation.",https://www.nfpa.org/codes-and-standards/nfpa-790-standard-development/790,Not currently present in the local Drive folder at the time of review.
NFPA-791,NFPA 791,Recommended Practice and Procedures for Unlabeled Electrical Equipment Evaluation,NFPA,recommended_practice,United States and Canada,Electrical equipment evaluation,R2024,"Referenced for field evaluation procedures for unlabeled electrical equipment","Public metadata record for unlabeled electrical equipment evaluation procedures.",https://www.nfpa.org/codes-and-standards/nfpa-791-standard-development/791,Not currently present in the local Drive folder at the time of review.
NFPA-850,NFPA 850,Standard for Fire Protection for Electric Generating Plants and High-Voltage Direct Current (HVDC) Converter Stations,NFPA,standard,United States and Canada,Power generation fire protection,2026,"Referenced for fire protection of electric generating plants and HVDC converter stations","Public metadata record for power plant and HVDC station fire protection references.",https://www.nfpa.org/codes-and-standards/nfpa-850-standard-development/850,Earlier editions were published as recommended practice; verify edition-specific document type during file-level audit.
NFPA-851,NFPA 851,Recommended Practice for Fire Protection for Hydroelectric Generating Plants,NFPA,recommended_practice,United States and Canada,Power generation fire protection,2010,"Historical reference for hydroelectric generating plant fire protection","Public metadata record for hydroelectric plant fire protection guidance.",https://www.nfpa.org/codes-and-standards/nfpa-851-standard-development/851,Historical record; verify current status before applying to new work.
NFPA-853,NFPA 853,Standard for the Installation of Stationary Fuel Cell Power Systems,NFPA,standard,United States and Canada,Fuel cell power systems,2025,"Referenced for stationary fuel cell power system installation","Public metadata record for stationary fuel cell power system installation and fire protection references.",https://www.nfpa.org/codes-and-standards/nfpa-853-standard-development/853,Not currently present in the local Drive folder at the time of review.
NFPA-855,NFPA 855,Standard for the Installation of Stationary Energy Storage Systems,NFPA,standard,United States and Canada,Energy storage systems,2026,"Referenced for stationary energy storage system installation and safety","Public metadata record for stationary energy storage system installation, commissioning, operation, and decommissioning references.",https://www.nfpa.org/codes-and-standards/nfpa-855-standard-development/855,Not currently present in the local Drive folder at the time of review.
NFPA-1078,NFPA 1078,Standard for Electrical Inspector Professional Qualifications,NFPA,standard,United States and Canada,Electrical inspection and safety,R2028,"Referenced for electrical inspector professional qualification criteria","Public metadata record for professional qualification requirements for electrical inspectors.",https://www.nfpa.org/codes-and-standards/nfpa-1078-standard-development/1078,Not currently present in the local Drive folder at the time of review.
